semantic_similarity,skill_match_percentage,experience_match_score,education_match_score,certification_match_score,project_relevance_score,programming_language_match,framework_match,tools_match,years_of_experience_difference,number_of_matching_skills,total_candidate_skills,target_candidate_score
0.33167711871162925,0.4,1.0,0.0,0.0,0.442385342895561,0.34232756903078465,0.23958079090168444,0.4826465646007847,0.5146837734714076,4.0,4.0,40.28852431071895
0.6025035299119949,0.2222222222222222,0.0,1.0,0.0,0.507841866483303,0.22553035533177376,0.18755388561566208,0.14115963366414858,2.0,2.0,13.0,38.4194225291627
0.4794188816629016,0.375,1.0,1.0,1.0,0.4104359184856521,0.4272594901598513,0.5678110676093284,0.3370823874771805,1.998348313559978,3.0,11.0,59.15801411484016
0.9289163164530431,0.8,1.0,1.0,1.0,0.8544676065217452,0.7106560704671109,0.57311394535182,0.762909102985539,0.8843473982823014,8.0,8.0,89.98565781078148
0.5715627355176011,0.25,0.9954613825497641,1.0,1.0,0.6769474989316874,0.26333079949146765,0.439726258692126,0.18648731305477223,0.027231704701415005,1.0,8.0,62.66722834527075
0.522404333607446,0.6363636363636364,1.0,1.0,0.0,0.7439018838376263,0.8462128048100249,0.6087269111263243,0.5480740609603941,3.35553272718332,7.0,14.0,63.47485913344652
0.4398012238875901,0.3,0.6573887890288947,0.0,0.0,0.5597502565184455,0.205934379003461,0.7617622699891411,0.4524393205873612,2.0556672658266315,3.0,4.0,39.89953682083082
0.6002388384739146,0.5714285714285714,1.0,0.0,0.0,0.409453919344769,0.6214445970020263,0.5915713659901636,0.21728136563328287,4.088072630729773,4.0,12.0,55.57135767786138
0.7609341617761505,0.5555555555555556,1.0,1.0,0.0,0.5209949855829024,0.7331275948536234,0.4842334702371172,0.8704115273558083,0.7554534427310688,5.0,5.0,71.54715225183402
0.42393069703262526,0.14285714285714285,1.0,1.0,0.0,0.4464233937500193,0.044453254070848866,0.21929438282266117,0.16996303549774228,1.4350363570057967,1.0,4.0,45.09906537511963
0.5211551145315751,0.4,1.0,1.0,1.0,0.5304115966091839,0.6471744826706921,0.2758278276648138,0.522003515197303,0.00991177093945872,2.0,9.0,67.45067526226494
0.4760144495482031,0.4,0.366463543738335,0.0,1.0,0.4544369229968936,0.46311902634803814,0.0,0.5450155566297752,2.53414582504666,4.0,15.0,38.16673070991221
0.5939331556974433,0.6,1.0,1.0,1.0,0.8459087037584294,0.6202779385989279,0.4970853416603584,0.4583881679938857,0.5207802030684405,3.0,12.0,69.80296236996894
0.4565510502813989,0.0,1.0,1.0,1.0,0.41815119100716647,0.0,0.0,0.0,1.469489813785585,0.0,12.0,50.16720918052579
0.5861589278099826,0.5714285714285714,1.0,1.0,0.0,0.6717181893145333,0.5541783318661462,0.1711187301076128,0.36497471449780594,2.152450892805188,4.0,12.0,64.32203990652718
0.5026003274442191,0.5,1.0,1.0,0.0,0.6697174130637121,0.6168866349061546,0.4339322582452116,0.4505863940342823,0.40393360312219695,5.0,13.0,58.80893419858763
0.6489258067930243,0.8333333333333334,0.4024867195985273,0.0,1.0,0.7069449603508895,1.0,0.328569083919266,0.9731742716435392,3.5850796824088365,5.0,9.0,63.52264200014007
0.5192624672539462,0.5714285714285714,0.5433354621669497,1.0,1.0,0.8874527132709029,0.7236486191686617,0.44493746769436593,0.45467616638440655,2.283322689165251,4.0,4.0,63.2361013492671
0.2984151471415349,0.3333333333333333,1.0,1.0,0.0,0.30477547325473964,0.5860522550534362,0.3369244515831612,0.4549196613689943,4.904039247526587,1.0,13.0,49.11692784211888
0.5849549630008226,0.75,0.8268660040569711,0.0,1.0,0.5780011425630756,0.582361176748051,0.7213391589704111,0.2764157562277602,1.3850719675442313,3.0,8.0,60.205050278827464
0.4798104330780387,0.0,1.0,0.0,0.0,0.30277560869121667,0.02717195078246821,0.0,0.0,3.654098916478417,0.0,9.0,33.41166783736517
0.6085414220652338,0.6666666666666666,0.4659132625824045,1.0,0.0,0.8280293009672982,0.9364010262858622,0.5978499782380909,0.9000941401889792,1.068173474835191,2.0,7.0,63.5087846317971
0.6345294002267319,0.5,1.0,1.0,1.0,0.706788535008267,0.39020796092801385,0.2775058237548772,0.46580574219341286,0.43508818054426524,5.0,5.0,66.47248664693406
0.15254921785189984,0.3,1.0,1.0,0.0,0.27834891850712384,0.5237400732151585,0.2523796342729576,0.13417127276676663,2.050416519199808,3.0,15.0,43.40172029077042
0.5181973570759054,0.3,0.7899027767095632,1.0,1.0,0.40452364568958377,0.4819972156280599,0.2627790094501896,0.16863135557248057,0.8403888931617471,3.0,13.0,60.51243992866718
0.447304342142373,0.3333333333333333,1.0,1.0,1.0,0.6508071473697137,0.43278359005430095,0.08527833819500116,0.0,3.9844302715181072,1.0,11.0,56.50668361753756
0.742227197253139,1.0,1.0,1.0,0.0,0.8274047646045757,0.9908335274755246,1.0,0.7976396059176158,0.9514567161368221,3.0,8.0,84.95074372420004
0.3217151948905358,0.0,1.0,1.0,0.0,0.5140219939347017,0.0,0.007519584117699807,0.21144827450251646,1.7217016925993391,0.0,13.0,40.68566718267821
0.6155009695425567,0.75,1.0,0.0,1.0,0.6572575142003637,1.0,0.6634338190121644,0.6334794466207536,0.26478598396174835,6.0,10.0,71.78842080911566
0.29513500961339734,0.5,1.0,0.0,0.0,0.5191949930180607,0.6637352531903254,0.9826303479831,0.4070911275997549,2.1174405740341813,3.0,8.0,47.00011262061772
0.5535268957977753,0.2857142857142857,1.0,0.0,0.0,0.5565429931668506,0.3970251881558665,0.2047597606437378,0.0,3.957585479699725,2.0,8.0,41.983691742189684
0.8291621073617832,1.0,1.0,0.0,1.0,0.7482295881879142,0.9756870453235948,0.888568466017936,0.6738324413774875,0.5374281247535713,4.0,5.0,81.42718242524305
0.4845491276524799,0.4444444444444444,1.0,0.0,0.0,0.5118609194976459,0.5012613377706404,0.30151796041874324,0.6824542801643949,4.259425581498473,4.0,4.0,49.04799962839275
0.5840577553513074,0.8,0.8942020958104411,0.0,1.0,0.520709588592287,0.879649108594606,0.5363933709231921,0.9234588161323123,0.4231916167582357,4.0,10.0,64.6412503454123
0.29028376473381046,0.3333333333333333,1.0,0.0,0.0,0.47325384631081724,0.4553109565853764,0.43423075249888204,0.07384552704544706,2.3281920787034203,1.0,14.0,40.57048884061424
0.49353379151483356,0.3333333333333333,1.0,1.0,1.0,0.5967733890766317,0.5155145852582814,0.13235900036905426,0.20721885501868928,1.7782286724861,3.0,3.0,63.055856310301216
0.7663401879543158,0.5454545454545454,0.5542786182117537,1.0,0.0,0.8000360649557169,0.4546096708006289,0.37050595311503975,0.5396200768547887,1.3371641453647387,6.0,14.0,62.70882378498025
0.6577133105422579,0.6666666666666666,1.0,1.0,0.0,0.7426230435912035,0.45267921287900587,0.49825352356817504,0.42744112023531544,1.2276194092746637,2.0,13.0,68.93010459078239
0.4674019406021942,0.6666666666666666,1.0,1.0,0.0,0.5616123235572911,0.7318372198958962,0.3999790931799942,0.2658378899639464,0.8147318757007456,4.0,6.0,60.92110184398919
0.6270140072446083,0.6,0.8867019559307887,1.0,0.0,0.818392780669312,0.3355008792815429,0.16476166684016091,0.5681579225121128,0.9063843525536903,6.0,11.0,63.298937982486244
0.5713766223081703,0.5555555555555556,1.0,1.0,1.0,0.7030853874551108,0.5472965764567008,0.40370878478053296,0.6700772679902037,1.5160048683882525,5.0,5.0,68.80307507737668
0.6536852351289076,0.5,1.0,1.0,0.0,0.785783912006861,0.4583458305798827,0.6421337687967041,0.6183714639459909,1.0925790922170346,5.0,12.0,68.51079862183154
0.7894746479560738,0.8333333333333334,1.0,1.0,0.0,0.9377513294500087,0.9718480079296339,0.826668890535687,1.0,0.6548261053855668,5.0,12.0,80.80796996869718
0.35836796257347586,0.8333333333333334,1.0,1.0,0.0,0.5545269578545706,1.0,1.0,0.5226218809773686,0.6628450618826305,5.0,7.0,59.81312972164892
0.47654017564252593,0.2222222222222222,1.0,1.0,1.0,0.5165441694218808,0.0,0.3374326093198426,0.23380260418760998,0.6199794821527611,2.0,3.0,51.7768683420106
0.42958247085951,0.5,1.0,1.0,1.0,0.6112599339064768,0.9593533054573121,0.5652722582602898,0.44630972715417566,0.06460075750734529,2.0,15.0,62.51189836534271
0.6293925510261562,1.0,1.0,0.0,0.0,0.5953296334576395,1.0,1.0,0.9825558629005615,1.0796681900299632,5.0,8.0,68.82943058885324
0.46488319075517237,0.375,0.837390525090813,1.0,0.0,0.3677106551543716,0.4876055627910644,0.3036279690992935,0.33264367327317257,0.48782842472756105,3.0,14.0,53.04473337559907
0.4604276441947125,0.2222222222222222,1.0,1.0,0.0,0.306830597923767,0.017552433849953225,0.18609887039331172,0.09013258610071906,6.1136189829399985,2.0,11.0,46.528286353806365
0.10311184676558108,0.0,0.3271111696897894,0.0,0.0,0.23342832042212472,0.2294368826407377,0.0,0.0,2.0186664909306318,0.0,13.0,7.756124648653909
0.8845491700469063,1.0,0.815263922765541,0.0,1.0,0.808049079415716,1.0,1.0,1.0,0.3694721544689179,7.0,12.0,80.75203080805517
0.5582673283704587,0.3333333333333333,0.9577031581692237,0.0,0.0,0.3622731557046111,0.37226919931944163,0.2838867029543333,0.3993313664283511,0.21148420915388133,2.0,5.0,44.64326801002071
0.4484942864130826,0.2857142857142857,1.0,1.0,0.0,0.49117398763829984,0.0,0.09309326341732274,0.0,4.880986828649075,2.0,7.0,47.8243494724697
0.4231578916454814,0.45454545454545453,0.3865769000150005,1.0,0.0,0.49258314487083926,0.5178288810379914,0.5338340728972819,0.5491717851440056,1.8402692999549985,5.0,9.0,45.91029365933305
0.682474639497285,1.0,1.0,0.0,1.0,0.8989824081830173,1.0,0.7704228415674539,0.910539038599706,1.6518445959722197,3.0,9.0,77.8094458157408
0.5594754921532636,0.2727272727272727,1.0,0.0,0.0,0.7615032791466818,0.28019711834029876,0.34009100550233623,0.1889328094437267,1.2967881300930797,3.0,3.0,43.653630597632706
0.2615104204776343,0.2857142857142857,1.0,1.0,0.0,0.44388230149321484,0.5470701679302328,0.32675929122548936,0.13203136541647914,1.4672046093490962,2.0,10.0,44.43920072089213
0.7055142330760791,0.5555555555555556,1.0,1.0,0.0,0.5727746312091762,0.8094766864960008,0.4638869686381265,0.6629416500860086,3.27268632522188,5.0,5.0,70.00656271288713
0.44684276757101427,0.3333333333333333,1.0,1.0,0.0,0.562019504021938,0.2679361644399807,0.40781187919243517,0.17336861903009354,3.2316587194941766,2.0,12.0,54.06800101941978
0.5884998600428571,0.6,0.9854409067085379,1.0,1.0,0.6159412878177425,0.9371204945835306,0.2226862153321626,0.3806330627818799,0.10191365304023492,3.0,11.0,71.12797669478485
0.31725169757262317,0.4444444444444444,1.0,0.0,0.0,0.4250593445650117,0.5025975380229593,0.43029611113594135,0.6707934065656436,1.1880348989879819,4.0,14.0,43.82581307524611
0.6157273377179029,0.6666666666666666,0.4143591871391424,0.0,1.0,0.5403518340981455,0.7256208118084762,0.5148582820399856,0.6308903847133216,2.928204064304288,6.0,12.0,53.307533971715955
0.7486302619213652,0.75,1.0,0.0,1.0,0.6686772131579736,0.8178166200684915,1.0,0.7205027220015584,0.9981860170438583,3.0,7.0,73.37656580433054
0.5285196783466511,0.7777777777777778,0.7373403814453873,0.0,1.0,0.6109433783475782,0.8402546129471805,0.7620592930986235,0.9162706018331108,0.7879788556638383,7.0,15.0,59.92465852474054
0.6931696374035548,0.6666666666666666,1.0,1.0,1.0,0.7750845705581201,0.24324266246813514,0.4854604157143104,0.5331493264974314,0.42723514807896706,6.0,8.0,72.3469198461828
0.5606814704414828,0.5,0.6786570337958263,0.0,1.0,0.6386297313476113,0.5166088483258503,0.146773618068322,0.4063693654706229,2.5707437296333895,3.0,7.0,51.30819606940206
0.404567508158305,0.36363636363636365,1.0,1.0,1.0,0.6920336067317477,0.1681259987371219,0.6008257269311021,0.42477941758093074,1.6097445734381512,4.0,14.0,60.413949125170696
0.6525607703789565,0.5,0.13562086961626138,1.0,1.0,0.6995729155321071,0.8427404263988219,0.3729928017047689,0.1917244795072468,2.593137391151216,4.0,7.0,57.14705574967282
0.28572918772257333,0.5,1.0,0.0,1.0,0.5044935254226414,0.835494938509816,0.27590254524340774,0.5442198093536429,1.096569213583173,3.0,3.0,47.267879492214
0.5082683565159117,0.3333333333333333,0.0,1.0,1.0,0.4753064499087847,0.5366822331753391,0.3573191604153264,0.18219104149705984,1.0,1.0,9.0,43.49268841823483
0.8832211078576839,0.7777777777777778,0.5503589648641154,0.0,0.0,0.6673983851587969,0.7848536390567779,0.8707159206870215,0.9488722962688075,0.8992820702717692,7.0,13.0,64.65548934889921
0.9727931766920794,1.0,1.0,0.0,0.0,0.8193697164890585,0.8685573114113343,1.0,1.0,3.109464205090326,4.0,5.0,81.68000896605406
0.4023323620201782,0.1111111111111111,1.0,0.0,0.0,0.32484670115542674,0.04274653088150225,0.06545620418417065,0.1940207825061171,1.975835891827244,1.0,9.0,33.213693511743244
0.47808402115001275,0.42857142857142855,1.0,0.0,0.0,0.21497184850854617,0.8282469717281145,0.4135932586865069,0.10717969886051709,3.0984062753410857,3.0,4.0,47.47999736798791
0.43798940749999854,0.42857142857142855,1.0,1.0,0.0,0.38320227660895595,0.35397589899783566,0.42961958522118315,0.4078923495366646,3.9194542650025816,3.0,11.0,54.51347779099611
0.513648904731323,0.5,0.8135806464301176,1.0,0.0,0.7484071784930121,0.12599283621050855,0.5240071784383521,0.26454668791714453,0.7456774142795295,2.0,9.0,52.18407969649984
0.7541457586390377,0.7777777777777778,1.0,0.0,0.0,0.7780420613870906,1.0,0.8212525208761039,0.7704049971823725,3.797943324881743,7.0,7.0,68.47406103509618
0.20313074334487005,0.0,0.0,0.0,0.0,0.24622597186377992,0.3200905604512208,0.19077960528722013,0.0,1.0,0.0,5.0,11.301538298719917
0.8075575248327124,0.8333333333333334,1.0,0.0,1.0,0.8195517981648565,1.0,0.7957446029790204,0.5251668796582848,2.292200669089807,5.0,10.0,74.69004508243972
1.0,0.9,0.9626649141600113,1.0,0.0,0.6405914569124751,1.0,0.6703032815173204,1.0,0.1866754291999433,9.0,11.0,90.74059216726201
0.5653012845119854,0.5454545454545454,0.6464665715737891,1.0,0.0,0.6246009403695207,0.811728087356806,0.4637103707716579,0.6192651806558576,1.0606002852786327,6.0,15.0,60.492130293464015
0.5023089872423669,0.7272727272727273,1.0,1.0,0.0,0.761156297654945,0.7868008606023649,0.8431045073944265,0.6565095577767939,2.028939734608885,8.0,8.0,65.84961713185061
0.3659033577147577,0.45454545454545453,1.0,0.0,0.0,0.463758960957279,0.13081224231695515,0.011509303700788454,0.27279679000821,2.689903050338426,5.0,5.0,40.64427489452465
0.7681878662053891,0.75,1.0,0.0,1.0,0.5205457966425969,0.8050185874700024,0.30823451701816856,0.5331492164825814,2.6305367732930893,6.0,13.0,68.7013570108152
0.7928304585247468,1.0,1.0,0.0,1.0,0.7571008421629324,1.0,1.0,1.0,1.229719777789584,4.0,11.0,83.4901174868543
0.8052197075276863,0.8,1.0,1.0,1.0,0.9158603077854333,0.825651389818075,1.0,0.7312735380815308,1.0639146026584783,8.0,12.0,87.53119379254827
0.43596389010087805,0.4,1.0,1.0,0.0,0.5272193093731153,0.4174494986268693,0.07165599229571584,0.7093294366634554,1.8537331713998046,4.0,4.0,54.27076075440246
0.717856643886598,0.6363636363636364,1.0,1.0,0.0,0.5119291874646502,0.5128223893403383,0.6084646759468733,0.5994108923615664,1.407528151034382,7.0,7.0,74.27950229461378
0.656004099186033,0.75,1.0,1.0,1.0,0.9668173461357794,0.6196870262110353,0.6121000751582567,0.7617440984489067,1.8827116791719607,6.0,12.0,77.03968940239587
0.3370995133611261,0.25,1.0,1.0,0.0,0.2637377590630908,0.6308667326578925,0.14261737530684276,0.0,1.207998922221428,1.0,13.0,45.83045409873121
0.4661658968294281,0.42857142857142855,1.0,0.0,1.0,0.4877665609225141,0.8159537751498541,0.44578825049784,0.35643158353600063,2.4855676490127276,3.0,8.0,56.093149807114976
0.29921062020635447,0.2857142857142857,0.6931980483623931,1.0,0.0,0.28158703044316646,0.33523780208998705,0.0,0.3211125667278829,2.4544156131008554,2.0,13.0,44.08062699635108
0.9387231470297933,0.8,1.0,1.0,1.0,0.698105174373775,0.9006742489167269,0.5064121498916718,0.7254428577573627,0.5374530498272279,8.0,13.0,89.63554387872958
0.6217675157063148,0.6666666666666666,0.01615350615441391,1.0,0.0,0.5922039148462895,0.5401122164000033,0.550391408623997,0.5695409599518202,1.9676929876911722,4.0,8.0,53.70966730746215
0.47734169064186355,0.2,1.0,0.0,1.0,0.5411417799703679,0.36566347298910173,0.11801736846328476,0.26538192512306463,1.3534040352097696,1.0,14.0,47.896886032778944
0.40224237072217073,0.3333333333333333,1.0,1.0,1.0,0.6192061735846623,0.7000701842238892,0.035623210082815604,0.6362979896455312,4.083860351707395,1.0,6.0,57.479888022590906
0.47376866136242124,0.6,0.9629576090265157,1.0,1.0,0.5168557169691945,0.3747384596099552,0.7237224884536205,0.6289938740615655,0.1481695638939371,6.0,6.0,66.88713511890433
0.7163787831342923,0.8888888888888888,1.0,0.0,0.0,0.6233754481304629,1.0,0.7470254748044615,1.0,1.0545040605944305,8.0,11.0,72.23481272253962
0.5988097706721704,0.3333333333333333,1.0,0.0,0.0,0.610234448134987,0.48035733700944055,0.19053345999862734,0.4576538088370898,2.312973429843278,1.0,11.0,48.38314302515766
0.5708455183655393,0.6666666666666666,0.3329108272933901,0.0,1.0,0.6845027794026618,0.811635839346733,0.6788516005172448,0.8835373416002368,3.3354458635330495,4.0,4.0,54.86117448564216
0.6955361632724701,1.0,0.9389447589279061,1.0,1.0,0.7918364337390257,1.0,0.9216401792651502,0.8780560153306725,0.2442209642883757,7.0,13.0,86.41426509425433
0.6757985664671543,0.7142857142857143,1.0,1.0,1.0,0.715769561030456,1.0,0.8485306131249932,0.6729002152888339,1.5290313185457007,5.0,5.0,77.7753120275656
0.5417008939043111,0.36363636363636365,0.0,0.0,0.0,0.5211665196047891,0.3716093016192844,0.10828340532021702,0.3230816494834307,4.0,4.0,13.0,29.790517759066855
0.872141780262382,0.75,0.6154610046166858,1.0,1.0,0.7917419036647776,0.9211712609881444,0.39257494864603576,0.8592554473127951,1.1536169861499426,3.0,3.0,80.31484447645727
0.8424500574046995,1.0,1.0,1.0,0.0,0.8073043903972863,1.0,0.8818467359643063,1.0,3.0017159467625785,5.0,13.0,90.2005822056861
0.5022791214237482,0.25,1.0,0.0,1.0,0.6169548518851414,0.18621924727085476,0.21325195804570282,0.2750112382223782,2.805993800901451,1.0,13.0,49.13475576851272
0.4863130284304386,0.2,1.0,1.0,1.0,0.7362560028784026,0.29874654823858265,0.0,0.37534131547517285,1.5486364547402003,1.0,13.0,57.196762346004036
0.47981997234990253,0.6363636363636364,1.0,0.0,0.0,0.5965682748532283,0.807233551493681,0.28105785278957934,0.5236973409673618,2.564395279886355,7.0,11.0,53.72702902557192
0.3662183333618365,0.36363636363636365,1.0,0.0,0.0,0.454918671165354,0.45268352701142106,0.3537418757507204,0.5407118742161887,1.2302084688429282,4.0,9.0,42.15318023225525
0.5032657785806552,0.6666666666666666,1.0,1.0,0.0,0.6238396309107697,0.5580540489591654,0.449954941857375,0.8698285551038402,1.9107898148846294,2.0,12.0,64.89887755624483
0.26514250931700256,0.25,1.0,0.0,0.0,0.30286351307465614,0.21655908482597805,0.0,0.3854992691849327,0.16869258231877282,2.0,6.0,33.27468844602312
0.8954551849844484,1.0,1.0,1.0,1.0,0.9447522377755803,0.9679366643685616,1.0,1.0,1.0316253658441852,5.0,13.0,96.60861588854915
0.8348060109996507,1.0,0.8838148067920888,0.0,1.0,0.8786038740395783,0.8983600881124733,0.8110051719560397,1.0,0.46474077283164483,4.0,10.0,77.76543416684308
0.40953952757097395,0.2,1.0,0.0,1.0,0.3838363624418154,0.3064371246890204,0.40295855285037874,0.021199106952302066,3.326966688364627,1.0,8.0,41.58454630685132
0.0,0.0,1.0,1.0,0.0,0.3082480182850974,0.12526017733275396,0.0,0.039672452872041714,3.8431188190044026,0.0,9.0,23.647802543443767
1.0,1.0,1.0,1.0,0.0,0.9022787722014465,1.0,1.0,1.0,3.559825601394147,7.0,10.0,97.21429001530804
0.3290509958652097,0.2727272727272727,0.9959456191610688,0.0,1.0,0.29984796970423755,0.1683552500583591,0.17619732858596504,0.006824140096975684,0.016217523355724683,3.0,3.0,43.24798629998074
0.796217530712675,0.5,0.0,0.0,1.0,0.725490422271459,0.44605383647881724,0.0,0.5949168505879041,1.0,4.0,4.0,45.93070827125254
0.45942435565517536,0.6666666666666666,1.0,0.0,0.0,0.6018467271194148,0.9964891680142894,0.3665736386348517,0.41690292153030356,3.3539473215003266,6.0,6.0,56.75590938232029
0.4882261466875012,0.5714285714285714,1.0,0.0,0.0,0.6778090863997933,0.5918193158954458,0.493772490290452,0.4858449118466852,1.8878144051828247,4.0,4.0,51.54316391717648
0.36899140743217773,0.6666666666666666,1.0,1.0,0.0,0.6324984340201285,0.7220902519319607,0.6969070768710617,0.6746188585219263,1.4571686830472848,2.0,8.0,62.16883947625468
0.8434549971131238,1.0,0.5327358301097087,0.0,0.0,0.8164475890254543,1.0,0.5562717150746135,0.8538527230734387,0.4672641698902913,3.0,11.0,71.11869223671111
0.6678491815026522,1.0,1.0,1.0,1.0,0.6938816993065698,1.0,0.9382076242706985,1.0,1.6513276252735292,5.0,11.0,89.40938024011804
0.5712399815081974,0.8,0.7715739801126884,1.0,1.0,0.6572672416856249,1.0,0.5031019008129132,0.8133113980872441,1.3705561193238696,4.0,9.0,73.97862232734646
0.5352982939390722,0.8,1.0,0.0,0.0,0.6844812978328212,1.0,0.801616436319724,0.6359636721282318,2.068124712158064,8.0,14.0,58.36179949315269
0.6932826075285435,0.6,1.0,0.0,1.0,0.7200276987196506,0.6547821700443586,0.5457318271460385,0.7135948917648661,3.5577733992124205,6.0,10.0,65.85825064878496
0.5353756381881056,0.3,1.0,0.0,1.0,0.5520885021609816,0.1929615240519797,0.41357035253450614,0.14716869933875362,4.0620910878159044,3.0,4.0,50.94619369627876
0.8299440669294543,0.625,1.0,1.0,0.0,0.718833396901642,1.0,0.8097010446412541,1.0,2.217048108219632,5.0,12.0,79.69494360803323
0.5927152054712432,0.75,0.34531896691925223,1.0,0.0,0.7738398848648463,0.9541356158519931,0.8009777778402863,0.728104235333879,1.9640430992422433,6.0,10.0,63.83367605039244
0.5762583245256161,0.5,1.0,1.0,0.0,0.503400018745334,0.4678013833493699,0.6392865895735265,0.26574117100199346,1.194660261892043,4.0,11.0,62.70728723121516
0.39527977631176586,0.5,1.0,1.0,0.0,0.8004043135988733,0.806287392449994,0.37292465529675556,0.3031316467572456,5.079363488115426,3.0,10.0,55.37664663589561
0.6486842061606507,0.7777777777777778,0.6875922730384773,0.0,0.0,0.7779207828351884,0.7313681730311408,1.0,1.0,0.9372231808845681,7.0,10.0,58.301691996091364
0.3377385624062587,0.2,1.0,0.0,1.0,0.2666841047024152,0.5039266125739581,0.0,0.1181696700563092,0.6816368541795663,2.0,4.0,39.481884134166066
0.6890673282327838,0.6666666666666666,1.0,1.0,0.0,0.6989744840837893,0.9827578927558751,0.5005603955266159,0.393913905100673,3.627048703601954,6.0,10.0,73.50846822260591
0.672042616770183,0.5,1.0,1.0,0.0,0.720141199710438,0.38413310109740995,0.6482988882043164,0.6707425494255533,2.0342678441471707,4.0,13.0,63.16996833124652
0.41892800289977994,0.0,1.0,1.0,0.0,0.3465933086425358,0.15471649454377295,0.11559868706941835,0.0,5.760312648970209,0.0,6.0,41.31734582848827
0.6433069717783312,0.8888888888888888,0.8668522467085646,0.0,0.0,0.5322930738132664,1.0,0.9461144731002056,1.0,0.665738766457177,8.0,10.0,62.35779967929132
0.66981614855476,0.5,0.7640976857036712,0.0,1.0,0.5017295938577746,1.0,0.5985701047584837,0.6871132051312254,1.179511571481644,3.0,3.0,60.1898982443273
0.6280431168803977,0.6666666666666666,1.0,1.0,0.0,0.7143372225843118,0.5830524654925724,0.15828409265333765,0.7215593744283756,3.248250871670348,6.0,7.0,70.68292083140334
0.5467626582066438,0.5714285714285714,0.6816485486913857,1.0,0.0,0.37834636234192803,0.8792863612874606,0.8710742842268949,1.0,1.5917572565430715,4.0,8.0,60.16122788286828
0.5149786215817298,0.6,1.0,1.0,1.0,0.40781903109025575,0.6531222832460397,0.5051439890493447,0.2550515014133552,0.4064640223649274,6.0,15.0,69.29661074119679
0.5661410380099471,0.6666666666666666,1.0,1.0,1.0,0.685850303403214,0.49322111362216414,0.890763386766254,0.503076651612305,0.6687069102808465,4.0,5.0,77.82117413999005
0.5999867524526389,0.18181818181818182,1.0,0.0,0.0,0.48874267803661336,0.21022049124801012,0.0,0.13062818089739037,2.8719789467718444,2.0,6.0,46.855268815018725
0.6868892919792827,0.7,1.0,1.0,1.0,0.6006065346381017,0.7504436569979472,0.706445070765862,1.0,2.0285359360504938,7.0,8.0,79.61415193724108
0.6209534217001446,0.6,1.0,1.0,1.0,0.570061182086361,0.45939976523924797,0.42602949858813327,0.9596004940204425,1.714129828353725,3.0,15.0,74.04929408960027
0.5542446626898521,0.5714285714285714,0.9975691220983333,0.0,0.0,0.41576958352625787,0.6776198228218467,0.6472950047764581,0.8291667449073546,0.0048617558033334785,4.0,14.0,52.810846781020246
0.6649460048011349,0.14285714285714285,1.0,1.0,0.0,0.5930743995293899,0.36526280884688755,0.1626126424002889,0.0,3.230008038163886,1.0,3.0,53.62230571380244
0.7899345919949042,0.6666666666666666,1.0,1.0,1.0,0.6253520064622801,0.7595427843978289,0.6971971821164858,0.5311637187125806,8.0,6.0,6.0,81.93974613705205
0.38013921289081154,0.3333333333333333,1.0,0.0,0.0,0.39010571698413404,0.2858013972449555,0.05036616192240517,0.16762132630524246,2.1825641978458314,3.0,13.0,39.584804433838436
0.41716619343544503,0.3,1.0,1.0,1.0,0.5043390034364116,0.3232750276867461,0.23746679341990556,0.14331462239184742,0.999344415093673,3.0,3.0,57.49086106939343
0.5242906547954908,0.5,0.5510685145039198,1.0,1.0,0.530135490403465,0.5491821957771787,0.410363249455545,0.7985409214551948,1.7957259419843208,3.0,14.0,58.674212196738715
0.6746474945367691,0.7142857142857143,0.7625185506828466,0.0,1.0,0.5976044039568544,0.8034036072323031,0.7732539234613495,0.6655322896065455,0.47496289863430685,5.0,6.0,65.7640276819097
0.6325195475508945,0.8333333333333334,1.0,0.0,1.0,0.45423451876436444,1.0,1.0,0.8110337004045449,0.37257953210539174,5.0,14.0,71.9077390826175
0.5344761646215854,0.36363636363636365,0.9102665064885782,1.0,1.0,0.5755144664929421,0.4625855192458597,0.34674106647825886,0.51851372102105,0.2692004805342654,4.0,6.0,61.4331614814726
0.8742505758447177,0.8,1.0,1.0,1.0,0.8028919152431312,0.5975146068466521,0.4692420965545083,0.4672944051932051,0.7678443309463034,4.0,8.0,86.1549614158039
0.2673646269195004,0.25,1.0,1.0,0.0,0.3207275871917704,0.19878220704203556,0.22366733810468897,0.2605291642538278,4.356032153614575,2.0,11.0,41.17114744953279
0.289622391548952,0.25,1.0,0.0,0.0,0.2683421835410068,0.3298837891613946,0.7744367702500378,0.03062565426541583,3.2943338347384685,1.0,4.0,36.17829104381592
0.6420209733643232,0.8,1.0,1.0,0.0,0.6904409354523684,1.0,1.0,0.7411170158883363,0.4823345670634911,8.0,10.0,76.55317292673976
0.4142511994537271,0.3333333333333333,0.6766880221336559,1.0,1.0,0.5274029843506027,0.6169456928099126,0.0,0.2160491945414908,1.6165598893317208,2.0,9.0,51.02383829804106
1.0,1.0,1.0,1.0,0.0,0.9117310657589165,1.0,0.9639354938128658,0.8724038507937486,3.474735285804826,6.0,13.0,95.96816271507323
0.48270510640178066,0.125,1.0,0.0,1.0,0.6450351603398596,0.19851059156427486,0.2800662955561758,0.17011636134127295,0.7018914530772715,1.0,15.0,46.03685200010826
0.6990329679684774,0.5714285714285714,0.46939982975905803,0.0,0.0,0.741994918755561,0.7588242230190202,0.4813166286636159,0.6156712519070737,2.65300085120471,4.0,11.0,54.25505369054742
0.4682761167783919,0.4,1.0,1.0,0.0,0.49785028178939145,0.18819692380746553,0.24877999756834562,0.35603588215320303,2.224860236986072,4.0,8.0,52.04555440706301
0.6227852483284394,0.7142857142857143,1.0,0.0,1.0,0.747418241050814,0.8416643974547813,0.6055535869673468,0.7884225828839455,2.8513733684669305,5.0,8.0,66.9982436665197
0.4115096360624378,0.5714285714285714,0.4211690271615231,1.0,0.0,0.5338759524921693,0.4278810331656163,0.6429102582241949,0.39770566325786155,4.051816809869338,4.0,8.0,47.24717641978127
0.8938088273657381,1.0,0.7877226789335483,0.0,0.0,0.8576371028573007,1.0,0.6973366056374981,1.0,0.8491092842658068,3.0,13.0,76.85331258814492
0.6922598859103876,0.6666666666666666,1.0,1.0,1.0,0.8337472710036637,1.0,0.8781781700207282,0.6254268622351454,0.5790919773845724,2.0,7.0,78.09404361024148
0.6209863504280607,0.3333333333333333,1.0,1.0,0.0,0.4550102456490984,0.4379730958476107,0.2710148751597581,0.2366006209057539,2.269021822617235,2.0,5.0,62.5365587050275
0.5474277071245327,0.5454545454545454,0.7685068307516576,0.0,1.0,0.5855032623362711,0.4399681660020862,0.2897492051500046,0.38650278311394914,0.2314931692483424,6.0,7.0,54.742558605075104
0.4193501388195887,0.2727272727272727,0.8559526993420211,1.0,0.0,0.5996545809685856,0.3961292937996957,0.4700843082349857,0.22444778063393636,0.8642838039478731,3.0,3.0,51.2136150631154
0.5704054634272764,0.5,1.0,1.0,0.0,0.6187613255232614,0.45692646641391615,0.11007120087543892,0.8741278513691846,2.254338499360565,4.0,4.0,64.28276435491631
0.5945277090608514,0.375,0.9544517511238939,1.0,0.0,0.5170011108331297,0.25206605963164075,0.20285377865965154,0.3623372459794821,0.13664474662831827,3.0,4.0,57.650251332241254
0.3735741253483026,0.5,1.0,1.0,0.0,0.2883691845618358,0.9285651160102901,0.32423148563726384,0.2711192927713122,1.8841093010973946,3.0,13.0,55.249504149383114
0.763326736048605,0.75,0.5256562300169396,1.0,1.0,0.4585553981586272,0.9920261647280155,1.0,0.9337638133570092,1.4230313099491811,3.0,12.0,81.7290189999527
0.6308738658725936,0.6666666666666666,0.3651113205090677,1.0,1.0,0.8997016490806236,0.7788632591659007,0.46596209756598916,0.5722809795083158,1.904666038472797,2.0,12.0,65.15148302307237
0.42296352784555646,0.5,1.0,0.0,0.0,0.5523550060805978,0.47947180775544257,0.0,0.5567518008704941,2.3105383151407946,3.0,9.0,42.72024246939647
0.449847309681512,0.8,1.0,1.0,0.0,0.5323425126663289,0.7940578930650042,0.6220006746385889,0.6788678899146844,1.3050398206344278,4.0,12.0,68.20285312366228
0.7836231545745976,1.0,1.0,1.0,1.0,0.8445652462541499,1.0,1.0,1.0,2.644911466472414,4.0,5.0,91.63247751951137
0.6737255579928885,0.4,0.9558023330261861,1.0,0.0,0.4894556045003979,0.5051839567796222,0.5224986002483929,0.2818480486708072,0.2651860018428831,2.0,14.0,66.95505724505121
0.5009621600089674,0.0,0.9012236743800637,0.0,0.0,0.3856888187164834,0.0,0.45083873255740986,0.27957159571550727,0.7902106049594906,0.0,9.0,35.9544402611246
0.8426451452804116,1.0,1.0,0.0,0.0,0.7162774682170294,1.0,1.0,0.7901478830942428,3.5214377750818215,8.0,15.0,78.24609860271154
0.7172588614792516,0.36363636363636365,0.25136082400368664,1.0,0.0,0.4440827484270137,0.446587587891375,0.3549793342976971,0.30505508649326774,2.24591752798894,4.0,4.0,56.69372182483851
0.6837359589340795,0.7777777777777778,1.0,1.0,0.0,0.4495274324642295,0.8895841988100448,0.5316663749113267,1.0,3.302921418361249,7.0,9.0,72.87098134162896
0.9143964261971338,1.0,1.0,1.0,1.0,0.6697595047212501,1.0,1.0,1.0,3.4410094149647668,7.0,12.0,95.40513243867935
0.49585229333122877,0.5,1.0,1.0,1.0,0.6706880636715482,0.6337725089160856,0.3689160189282291,0.9542931883611265,2.5201790285321506,3.0,9.0,64.2435627676261
0.6382481392859021,0.8,0.9177692808541577,1.0,0.0,0.5687858273334522,0.9844435511890258,0.605205408032787,0.7461719101523966,0.5756150340208963,4.0,8.0,69.13648302745017
0.21869890597432362,0.0,0.8333904653098563,1.0,1.0,0.3626015611047912,0.0,0.0,0.05140857059213475,0.8330476734507188,0.0,5.0,38.09798321583826
0.3027365263450825,0.5,1.0,0.0,0.0,0.5760291236367128,0.32863684168605045,0.1744965874427019,0.8810298544097636,0.37988845400360116,4.0,7.0,39.923357905415315
0.7044510711936294,0.5,0.7762400807921501,1.0,1.0,0.6439925442620281,0.6004419006651753,0.34769557994238537,0.19721535665154633,1.790079353662799,4.0,6.0,71.07210709937671
0.38967077397010474,0.3333333333333333,0.6255373341642688,0.0,0.0,0.422857116141352,0.6410239707427595,0.2320495007380819,0.005783326697025748,1.1233879975071934,1.0,6.0,36.327565629726195
0.4538273464293765,0.5,1.0,1.0,1.0,0.5451850563565391,0.4333955394910388,0.610744453278666,0.3408983645581184,2.0894685830180926,3.0,11.0,64.04838657683787
0.4584033982064789,0.6,1.0,1.0,1.0,0.5062870852100219,0.5189556809324403,0.46462056627777587,0.7626745378946651,2.098698228448314,3.0,11.0,64.93932614586272
0.40047686761564605,0.25,0.35042517346504376,0.0,0.0,0.5871837018738364,0.5197834668683887,0.0,0.0,1.2991496530699125,1.0,10.0,27.345873352973346
0.900507966156058,0.7777777777777778,1.0,1.0,1.0,1.0,0.7454736408523813,0.3749479036213038,0.8971875890901817,2.1522438706001488,7.0,7.0,88.40198304554349
0.6226820335272976,0.14285714285714285,1.0,1.0,1.0,0.6898986204460843,0.1189563583669505,0.13896248731222838,0.24819848175492154,1.7086066114796123,1.0,15.0,61.11082678213239
0.35069597490375004,0.5,1.0,0.0,0.0,0.22462560053385944,0.48283403086967647,0.46597768776322945,0.9028780466403914,3.819772509154207,4.0,4.0,44.54493429610137
0.5907995738161794,0.6666666666666666,1.0,1.0,0.0,0.5800832638207337,0.7049700900883804,0.4947178701997697,0.8757636517691412,1.938272883735043,6.0,7.0,67.3219750052954
0.357695249406938,0.36363636363636365,1.0,1.0,0.0,0.45237104979595183,0.13038150637399668,0.21079594232810808,0.4364464111359188,2.917162107468755,4.0,4.0,46.33968924733423
0.7686005289453823,0.7,1.0,0.0,1.0,0.7764371932761274,0.6529187797425072,0.7354671252158174,0.971826587030592,1.7541551818604226,7.0,7.0,72.56699563688413
0.3343912256752712,0.0,1.0,0.0,0.0,0.14319830702962633,0.09146624344514995,0.25592017581165644,0.10778078822297335,2.759858219394376,0.0,15.0,28.708167278260433
0.47361168071441984,0.5,0.11288284343222499,1.0,1.0,0.328912017077213,0.5901828285114693,0.27836819148832265,0.4079859890745596,1.77423431313555,5.0,7.0,50.09621940045212
0.3801373410994937,0.14285714285714285,1.0,0.0,0.0,0.563590859164105,0.40129589232146856,0.11241576682453802,0.0,0.5565110857781734,1.0,14.0,34.92880569870625
0.33361885634016586,0.18181818181818182,1.0,0.0,0.0,0.32848871257444656,0.5629087818132467,0.342637670699353,0.06794506107956566,0.72203446354494,2.0,9.0,35.0706029839246
0.49370953132498757,0.0,1.0,0.0,0.0,0.24368052848185656,0.3222470203995925,0.0,0.0,0.312500106129435,0.0,12.0,36.9472234765165
0.7406351418019247,0.75,1.0,1.0,0.0,0.5883489168841108,0.9646374291333082,0.6965609347960728,0.7850036810699208,1.6877732606334508,6.0,8.0,79.21729115255981
0.6531060832372453,0.5454545454545454,1.0,1.0,1.0,0.6771183310178626,0.5686823191164481,0.48709551277525887,0.11841542583719367,2.0687593089915017,6.0,6.0,75.5054211134647
0.12282704549319517,0.2857142857142857,1.0,0.0,0.0,0.22799501952488965,0.2235618531220473,0.0,0.24180221872948682,1.5845141541422967,2.0,12.0,28.744716666451755
0.5142075807627648,0.4444444444444444,1.0,0.0,0.0,0.5714995995164412,0.4976625622959568,0.43151417929288144,0.45016079835433337,0.4461122375573243,4.0,15.0,52.32773372441486
0.6499853150870841,0.2,0.7761799467699166,1.0,0.0,0.4250461082596074,0.35540417855912165,0.1569398292929749,0.30950748897596814,0.6714601596902501,1.0,6.0,52.871766420855124
0.5954991247680385,0.2727272727272727,1.0,0.0,0.0,0.32685240904135304,0.4706760764114929,0.34484580763840544,0.5980874492285428,2.9943721483124683,3.0,13.0,45.65671360724271
0.2658492496895636,0.375,1.0,1.0,0.0,0.5843077819468625,0.5371554320328531,0.06388497557464329,0.41213070708905397,1.4994656332276701,3.0,6.0,46.80680297720853
0.6623889000779687,0.8,0.3813861416005916,0.0,0.0,0.745857794389763,0.8281884151523106,0.7521934847574695,0.6180874247504564,1.2372277167988168,8.0,12.0,57.566099994960695
0.2986748069468963,0.2857142857142857,1.0,0.0,0.0,0.3657821312061008,0.4773494888858928,0.5396957797185635,0.0,0.4126249167007525,2.0,13.0,38.069436212065575
0.8553321872435443,0.7,0.0,0.0,0.0,0.6973360776578018,0.9769570509150305,1.0,0.8374021916224763,2.0,7.0,8.0,60.19564027221503
0.8293133938731091,1.0,1.0,0.0,0.0,0.9989790715319272,1.0,1.0,0.8261825281045173,0.8707412286948859,3.0,12.0,72.751810093163
0.7078645328322277,1.0,1.0,0.0,1.0,0.8395226452379494,1.0,0.6910442687569467,1.0,0.4032401148028084,4.0,6.0,79.89366790932837
0.518384667510609,0.42857142857142855,0.9127665248223311,1.0,0.0,0.6780335213189222,0.32847866392034736,0.47780301862102637,0.7080554590039423,0.34893390071067554,3.0,4.0,58.16115169051987
0.20933835873400408,0.4444444444444444,1.0,0.0,0.0,0.335270251242709,0.3400823071545851,0.2881521979529994,0.13562949124860957,3.9692003796070585,4.0,4.0,32.01052366012817
0.5698046435852108,0.8,0.6975383521831551,0.0,1.0,0.6624920744348942,0.7273808277534074,0.8124581304885826,0.9107785117517926,1.5123082390842244,8.0,8.0,63.59815427334975
0.8043732470991571,1.0,1.0,1.0,0.0,0.8602318311142045,1.0,0.7801123247290768,1.0,2.2127859033646704,6.0,14.0,86.85423201181945
0.4639810442143987,0.125,1.0,1.0,1.0,0.3740331767788185,0.26856467564001396,0.0,0.3288078650560564,5.173416321863748,1.0,4.0,53.82213947404423
0.3527565912426047,0.5714285714285714,1.0,0.0,1.0,0.4901337558358782,0.366812754198646,0.44563477891460823,0.15215268404648025,2.954535807433376,4.0,8.0,51.01232685473635
0.5269886358029813,0.5454545454545454,1.0,1.0,0.0,0.5034752816889879,0.5047354259491063,0.6544271387087488,0.3747241364958045,0.7369224358044661,6.0,12.0,63.08559389693497
0.7336622886222587,0.625,0.7553104535255576,1.0,0.0,0.7342851335802825,0.7187913837549709,0.6383599462042385,0.3689638988499154,1.4681372788466547,5.0,5.0,66.47746270592175
0.6258256010752075,1.0,0.7251250924044413,1.0,1.0,0.5730542208217737,0.8880576161824316,1.0,1.0,1.924124353168911,6.0,12.0,80.06413597042128
0.6002292129013735,0.5454545454545454,0.9961494350141593,1.0,1.0,0.6751031844789014,0.6735572930052742,0.5430516165100086,0.6281198701516448,0.023103389915044126,6.0,6.0,67.87839166351614
0.47458360703938707,0.3333333333333333,0.7129992660860918,1.0,0.0,0.5341815407102068,0.3279962409683515,0.3723293777993897,0.0,0.5740014678278165,1.0,13.0,50.400093038891235
0.9602710929882468,0.9090909090909091,0.36090618208373537,1.0,1.0,0.8349976956965597,0.8288752601904429,0.9755834960899835,0.8489245848253407,0.6390938179162646,10.0,10.0,88.57117107464502
0.2723836568266035,0.0,1.0,0.0,1.0,0.3765147030502216,0.05957697784080156,0.0,0.16014396606822137,0.147373089057512,0.0,10.0,29.03061516929994
0.7794079281949916,1.0,1.0,1.0,0.0,0.7569407120397891,1.0,0.9682359235123156,1.0,0.595505814228626,5.0,5.0,84.7380973772718
0.7025951703797626,0.6,1.0,1.0,0.0,0.5857521377116187,0.497264795431413,0.9335168424713319,0.6292533838999722,1.7704238952905929,6.0,9.0,69.88444944531717
0.36306038205630076,0.4444444444444444,0.7606296515821631,0.0,1.0,0.5397354216110879,0.45077421607791585,0.425691270824695,0.3714457071007023,1.6755924389248582,4.0,14.0,43.186774708061755
0.4098576515775333,0.2727272727272727,0.8118374692446334,0.0,0.0,0.5230594420102328,0.4069093806425521,0.23209124194713468,0.06093908451233701,0.5644875922660999,3.0,3.0,37.703958670792865
0.24531299869913872,0.0,1.0,1.0,0.0,0.24951842075752834,0.0,0.0,0.0,0.4806558343550371,0.0,12.0,33.92638170376323
0.34583058247538795,0.125,1.0,1.0,0.0,0.3157074870447576,0.0,0.027060125970431656,0.13541869024702488,0.40902961315346165,1.0,9.0,42.99030140281891
0.9018087738755406,1.0,1.0,1.0,0.0,0.8338571301927384,0.7734167077758443,0.8542216879814233,1.0,4.472847414826845,6.0,12.0,91.63285909799708
0.3664993782098608,0.0,1.0,0.0,1.0,0.29868404185675523,0.0,0.0,0.13929998485909237,1.2644931854477148,0.0,11.0,37.14209362077117
0.4601581229765589,0.5,0.0,1.0,1.0,0.7150854485253237,0.3126847102650751,0.33874265556898675,0.5171722838326482,2.0,2.0,8.0,44.78395881402069
0.8164039043992656,1.0,1.0,1.0,1.0,0.8553588426829744,0.9874100588682757,0.9179867155150125,1.0,1.6363627231735296,5.0,7.0,95.1190245058025
0.6455196603587295,0.3333333333333333,1.0,0.0,1.0,0.5755692085204274,0.6830230465444156,0.10942009789755014,0.2583483997061791,1.891327445487958,1.0,11.0,59.67966997659542
0.485950401858609,0.5714285714285714,1.0,0.0,0.0,0.44960782685083345,0.3732808616446087,0.5451911684261213,0.2826236574526247,0.5497439435105238,4.0,4.0,53.039172493796784
0.4285311247587526,0.2222222222222222,0.4577355503938658,1.0,0.0,0.537073295341391,0.22135334895623607,0.3007451099409483,0.31763295610586334,1.6267933488184025,2.0,10.0,40.780361038082894
0.4586389005855464,0.36363636363636365,1.0,0.0,0.0,0.423904008179257,0.7974511834052128,0.2670150944559623,0.3889122745142146,4.3161093906269254,4.0,4.0,44.680724098950954
0.5781536838138724,0.5714285714285714,0.5534107242791618,0.0,1.0,0.5246966232436606,0.6948919863641991,0.0795853153129219,0.6708148745645441,1.3397678271625144,4.0,11.0,50.942242889242436
0.45432108533007187,0.7,1.0,0.0,1.0,0.6721582479677226,0.6838098082543921,0.7798817396922038,0.4471097303434144,2.1215444128318666,7.0,11.0,56.62219736108865
0.6511097243356463,0.36363636363636365,1.0,0.0,1.0,0.6303871933791595,0.38539748942290075,0.3400768090435109,0.7217955813585726,1.2001010581278706,4.0,4.0,57.73130609644505
0.45707777189341803,0.5,1.0,0.0,0.0,0.2302712842557712,0.6272852515107901,0.23148908099703885,0.6421004827327284,2.00162109805954,5.0,12.0,50.09390905472809
0.5659857792755668,0.2857142857142857,1.0,1.0,0.0,0.5071896804508594,0.640953233227225,0.40583373902540576,0.22811490751446048,4.21371584833466,2.0,8.0,60.84533096552434
0.5254348070342987,0.6,1.0,1.0,1.0,0.6015080176311488,0.5544463506540963,0.24234645584251358,0.4129093708070709,1.9232777442820703,3.0,13.0,66.37136791105941
0.36130307813614515,0.2727272727272727,0.841335772956467,0.0,0.0,0.3900166646493443,0.18635742180738182,0.4527169480986557,0.4881579548137225,0.317328454087066,3.0,3.0,35.71558250313801
0.5455747900558561,0.2,1.0,1.0,0.0,0.5147522954079118,0.00181442809955909,0.13737934367761317,0.0,3.0119845502559217,1.0,5.0,51.03582666696198
0.7525994857506842,0.6666666666666666,0.7689005499558804,1.0,1.0,0.4881738749053932,0.7352239525184313,0.11751635008365391,1.0,0.46219890008823916,4.0,9.0,74.72892932581175
0.4917065745423446,0.3333333333333333,1.0,1.0,1.0,0.16487881995650144,0.130309606766109,0.32256584253124554,0.21069234535346715,1.1271160227905357,1.0,5.0,59.8470589600129
0.7413380659767583,0.7,1.0,0.0,1.0,0.5915459410851088,0.666519127532077,0.5606376790199941,1.0,0.0,7.0,7.0,71.39372780703715
0.6403736663692321,0.75,0.3667187726632476,0.0,1.0,0.7095378044782126,0.6364369806001365,0.57749315579891,0.7131052429854567,1.2665624546735048,6.0,11.0,57.740249451325546
0.6323292180070665,0.6666666666666666,1.0,1.0,0.0,0.2642200673473398,0.9100088985088057,0.4543669991462986,0.9828160084307282,0.9027733408723728,2.0,4.0,72.22189043885221
0.2206050729043417,0.0,1.0,1.0,0.0,0.19804675473821293,0.0,0.0,0.0,1.536173417161744,0.0,11.0,35.055105412088636
0.6942020796303168,0.5714285714285714,0.6278883935168486,1.0,0.0,0.4245167623868591,0.6928760304695822,0.4146870615718003,0.5751958471379114,2.6047812453820605,4.0,4.0,65.68468758613673
0.43107611454563194,0.42857142857142855,1.0,0.0,0.0,0.4720122079846298,0.18983486826748724,0.0,0.5895212946055419,1.7945747360013282,3.0,5.0,41.26571017155865
0.7782187613925423,0.6,0.7203806822678017,0.0,0.0,0.935146353581346,0.6736712518015122,0.829854935068985,0.7324154273391645,0.838857953196595,6.0,10.0,63.04986970609747
0.562099899801621,0.6,1.0,1.0,1.0,0.5768838355510372,0.4334311449450652,0.49624131568840285,0.8201523667315767,3.3593760313423324,3.0,13.0,70.29091263267965
0.34791557313650556,0.09090909090909091,1.0,1.0,0.0,0.3663889391989961,0.06429236092171627,0.0,0.0,0.09607114235098368,1.0,5.0,40.18703415829009
0.6053330767642343,0.42857142857142855,0.6381888652250072,0.0,0.0,0.6802504545813504,0.8765878919375489,0.1303182184114557,0.4455331031413907,1.4472445390999713,3.0,6.0,48.49100432447028
0.5028637305427498,0.4,1.0,1.0,0.0,0.5288454656815063,0.6177913879033591,0.5195610548396428,0.6496777151996143,0.9516091159185045,4.0,15.0,59.750499709595054
0.46425100228576277,0.4,0.6558433326141831,0.0,1.0,0.48311393860587254,0.42688573509036476,0.06434496679876456,0.2589488996562097,1.0324700021574507,2.0,15.0,46.41661879013204
0.7963971862629835,1.0,1.0,1.0,1.0,0.9195762447157431,1.0,0.9794772064087527,1.0,3.337890282866251,3.0,10.0,89.70200781277525
0.40725820242691,0.0,1.0,1.0,0.0,0.4398926491535262,0.0,0.0,0.0,0.8010604150661997,0.0,8.0,43.940296804384786
0.22045773334359534,0.0,1.0,0.0,0.0,0.3338410713925922,0.25973894877356507,0.0,0.04117482131652107,0.4966467538134258,0.0,7.0,25.245686432864332
0.6030333773090264,0.6363636363636364,1.0,1.0,0.0,0.6138023105718752,0.41048223413115575,0.34358053954893836,0.653273679646526,1.9836020378620152,7.0,10.0,65.22600146673223
0.6345677406138304,0.6666666666666666,0.6975262803998534,1.0,1.0,0.6106943853756427,0.6727605702900361,0.4801963915119014,0.5090100365096738,1.2098948784005863,2.0,10.0,68.92783306317533
0.6537502234633188,0.5,0.555423172335743,0.0,0.0,0.729248106786293,0.3073978449674991,0.45193872613150876,0.4478613615755105,1.778307310657028,3.0,6.0,46.26714913326678
0.6213518884687609,0.6666666666666666,1.0,1.0,0.0,0.6058995020921083,0.7629763313830241,0.6684353564634451,0.6956531170820078,1.6167031588832739,2.0,3.0,66.91707306503976
0.6988140731574284,0.36363636363636365,0.7667764306637302,1.0,1.0,0.7531257693526552,0.42371100928053984,0.1408060177541084,0.34309156389393786,1.3993414160176183,4.0,4.0,66.30889264715168
0.6145487040075219,0.6666666666666666,0.7199959385002174,0.0,0.0,0.5175560195153377,0.661287002813622,0.5966610981304356,0.9812138566255144,1.400020307498913,6.0,15.0,59.73583939369185
0.3825890745024775,0.2222222222222222,1.0,0.0,0.0,0.5997747136223638,0.46879248674495744,0.36768219703571503,0.42421333358549446,2.4735120624417752,2.0,8.0,35.80821241887484
0.3350317009614277,0.1111111111111111,1.0,1.0,0.0,0.43518685318103045,0.05903329597060885,0.0,0.16910721080981042,1.8501282199678801,1.0,9.0,39.35601533029128
0.45450302856103886,0.625,0.6584681830188355,1.0,1.0,0.4445521720862268,0.7338333146053183,0.5736208258097909,0.4723707634560995,1.7076590849058224,5.0,9.0,63.39508084338292
0.39781500061117997,0.4444444444444444,0.9269546523528879,0.0,0.0,0.5512052975324189,0.6421443336932854,0.18527197645596633,0.2796398260648537,0.43827208588267297,4.0,13.0,42.94035213125059
0.40298663989797545,0.3333333333333333,0.49626844405368,1.0,0.0,0.38664097348934867,0.11635351573202035,0.05174281546769638,0.7280955403894154,1.00746311189264,1.0,3.0,44.0921845137832
0.6362995818620156,0.4,1.0,0.0,0.0,0.5903461783596041,0.31528541849861097,0.4074225328595822,0.19802291278556117,4.35263859608116,4.0,4.0,51.44328274482587
0.518247095098781,0.4444444444444444,1.0,1.0,1.0,0.4859270474481323,0.5041394185612945,0.27448912133758135,0.4672163680745492,2.6120208551412167,4.0,6.0,62.736114887275676
0.29739825280167076,0.1111111111111111,0.958310307989452,1.0,0.0,0.34565753184256026,0.27453872660820844,0.0,0.183300853980847,0.04168969201054795,1.0,9.0,39.78041807378731
0.8638508361394581,0.8333333333333334,1.0,0.0,0.0,0.9100379048532735,1.0,1.0,0.7710686030366721,1.952389378686985,5.0,11.0,70.99865847380643
0.7861412559470713,0.6,0.04381381406917073,1.0,1.0,0.7659849634337845,0.6111416362289743,0.7524196931530024,0.39955924708452806,1.9123723718616585,6.0,9.0,62.927974512396425
0.7006458953089313,0.5,0.8182358992070048,1.0,0.0,0.5052468058767297,0.4930352123230209,0.024892689600982787,0.3430206721987026,0.5452923023789857,3.0,8.0,65.42182852371519
0.36429586699844774,0.3333333333333333,1.0,0.0,0.0,0.3190949004836222,0.22626604789487384,0.0,0.2240323328725276,1.0097265318837723,1.0,15.0,40.2016959401817
0.46784289284948855,0.45454545454545453,1.0,0.0,0.0,0.5566587386504736,0.5639425911373205,0.5351060102355645,0.31264688072589875,1.7044614982918258,5.0,5.0,50.66728166291836
0.6176483284377663,0.2,1.0,0.0,1.0,0.5691242030244881,0.19651883673434353,0.08732775673175669,0.46554407863618613,0.6050817489731122,1.0,10.0,51.76333744154608
0.6622700963733359,0.6666666666666666,1.0,1.0,1.0,0.583754812508216,0.6673408593580373,0.9467930884247573,0.6648414679721408,1.2960270214284524,2.0,10.0,72.81876593770296
0.33038475221247054,0.125,1.0,0.0,0.0,0.5708809964534562,0.1581000689400685,0.21059400767902225,0.02023977977047757,0.9566729199062527,1.0,9.0,30.908138957402898
0.6862017553597004,0.6,1.0,1.0,0.0,0.7564101823842168,0.749293051176261,0.6158824152478796,0.6213916087734411,0.4728451959553652,3.0,13.0,73.93427728665709
0.7208758880829734,0.6,1.0,1.0,1.0,0.5993249857911629,0.548528500427733,0.3251902077984038,0.7335911810589829,0.2077088156182123,6.0,6.0,79.2665394883379
0.3980927181552749,0.3333333333333333,0.9912450424407386,1.0,0.0,0.3758044186052879,0.24434487732973043,0.39145019820351706,0.26440939212181735,0.0525297453555682,2.0,15.0,53.10924028100607
0.6596661283677251,0.6666666666666666,1.0,1.0,0.0,0.6361788387865533,0.7943770201708051,0.3359985966215639,0.8470629257018497,1.2638750172571758,2.0,7.0,70.92148028062516
0.45664175376059246,0.09090909090909091,1.0,1.0,0.0,0.38839353259064013,0.0,0.3280628882593061,0.0,1.6216311783989124,1.0,10.0,43.4548889002343
0.5179083996276748,0.7142857142857143,1.0,0.0,0.0,0.7623691076516955,0.6556236430266109,0.7571562038697275,0.9485464407089971,1.196718334637668,5.0,9.0,57.36746679906455
0.4014814548911368,0.2,1.0,1.0,1.0,0.548809411460398,0.042764290106674485,0.0,0.19820953204555586,0.0,1.0,14.0,50.69911274673048
0.4440510194116919,0.5555555555555556,0.6007147659045416,0.0,1.0,0.5429201892443171,0.8221420356985776,0.6825845897446648,0.5459530852052099,1.1978557022863752,5.0,8.0,53.26537313446712
0.25339891179735413,0.14285714285714285,1.0,0.0,0.0,0.43109246332980083,0.11348924559942145,0.5859926184671367,0.004254277964172298,1.5977636118961347,1.0,6.0,30.782614568608306
0.39909465736903016,0.3333333333333333,1.0,1.0,0.0,0.5616829563107428,0.28240443258523173,0.23545757137525414,0.0877633072306506,3.743346601341756,1.0,3.0,49.957736810702635
0.6905876778788698,0.6666666666666666,1.0,1.0,1.0,0.6844224091041421,0.7079146193210774,0.737757568398751,0.3333322795035884,1.1048309231175106,6.0,7.0,77.52334110558387
0.4280239512300905,0.3333333333333333,0.996666167863716,1.0,0.0,0.5242583529111648,0.2761662962096489,0.18833088300131295,0.1807779995433761,0.023336824953988256,2.0,13.0,51.84471502249032
0.38885649167045794,0.3333333333333333,1.0,1.0,0.0,0.5296212610761132,0.3108566648656971,0.3021108212093693,0.4508679774538038,1.2486809108855503,3.0,3.0,51.836158248472316
0.48800472941717693,0.36363636363636365,0.7543928591621905,1.0,0.0,0.5690239059846866,0.43111623751253303,0.0,0.17138067917543126,1.4736428450268573,4.0,14.0,49.15807701472473
0.4748644726080285,0.625,1.0,0.0,1.0,0.47648255325651784,0.5990327217888718,0.5748835070287097,0.31531036285513814,3.417886313072927,5.0,10.0,54.729772970810764
0.5736786083622913,0.4444444444444444,1.0,0.0,1.0,0.48794131399261476,0.41718530303547774,0.4040314570071789,0.2626313822768871,1.1731882890160565,4.0,4.0,58.40043391694264
0.8357664114349972,0.8,0.46108557357890345,1.0,0.0,0.7414635257434228,0.6681716187319645,1.0,0.723033336499137,0.5389144264210965,4.0,6.0,70.85178223887017
0.6904955150814386,0.8,1.0,1.0,1.0,0.6259232683010207,0.6423189267063044,0.3550993152052631,0.7308997554675295,0.46640906781424984,4.0,10.0,82.63400761174947
0.6090154541373083,0.6666666666666666,0.9491855071745536,1.0,1.0,0.46395155231217705,0.7275813082329171,0.5548723056629552,0.6408880850181138,0.2540724641272316,4.0,7.0,69.69467634012625
0.5448128423858684,0.4,1.0,0.0,0.0,0.6262800143875256,0.5051880917614481,0.6333857879228278,0.6065212692103757,3.4233399536336675,4.0,4.0,49.262571790769165
0.41372652688307177,0.7142857142857143,1.0,1.0,1.0,0.6063173408930911,0.5072175184046034,0.6110959852099879,0.9641366019040122,0.39551982110588213,5.0,11.0,69.07613205366506
0.7810847614584108,0.8333333333333334,1.0,1.0,1.0,0.5990974868345127,1.0,0.7456381960766338,1.0,1.110731492231186,5.0,11.0,87.14765549138956
0.8722262964493837,0.4,1.0,1.0,0.0,0.6635918279949183,0.5875285751684545,0.16668301452592169,0.07501853666028635,1.9474529133025835,4.0,4.0,68.84382724319227
0.5852788534662335,0.6,0.772822264156972,1.0,0.0,0.5912611859894898,0.8254440448901521,0.34482681634219325,0.42882321593273304,0.6815332075290841,6.0,6.0,63.875691514598714
0.558432268681313,0.5454545454545454,1.0,1.0,0.0,0.60949148869142,0.649434580707853,0.09376671697125194,0.6851515768664962,1.1874189322703144,6.0,6.0,63.27916654813039
0.7892328400119619,0.8,1.0,1.0,1.0,0.6253240841676638,0.9646747780520193,0.6115726455182862,0.709193756894995,1.3488711387884198,4.0,11.0,85.21369636419946
0.7196621424059776,0.4444444444444444,0.7114802947448448,1.0,0.0,0.4724797668744715,0.8877490964685424,0.17678633231977725,0.6166017384142909,2.308157642041242,4.0,12.0,63.30204238086547
0.7294961413320963,0.625,1.0,1.0,1.0,0.7468902031235126,0.6207261118420873,0.6009685434045562,0.6664226860229654,1.3053929775552202,5.0,12.0,77.8500152156927
0.04132717456997392,0.0,1.0,0.0,1.0,0.03452178708425355,0.0,0.0,0.3158408420073598,0.7084758701137215,0.0,15.0,21.12092544290897
0.4509411938528629,0.16666666666666666,1.0,1.0,0.0,0.4166705847338954,0.0,0.011156649955995163,0.3752098894532039,1.0599325842319933,1.0,12.0,52.02393615392056
0.733631617429001,0.25,1.0,0.0,0.0,0.5535049655520633,0.6160213074418169,0.10051481352731478,0.4622033253117963,0.8712594269811333,1.0,7.0,53.17128802194111
0.47469292561113585,0.2,1.0,1.0,0.0,0.44881769833779683,0.5683817065657584,0.13940365989611814,0.11762567826126084,1.3183397459001647,1.0,4.0,50.735573985846884
0.4471620561216757,0.5714285714285714,1.0,0.0,0.0,0.5744061826532392,0.4550006178804099,0.4051536750195064,0.551936402234917,3.4746864513523157,4.0,10.0,47.82611830139328
0.48381955493023365,0.3,0.6102462939574453,1.0,0.0,0.6845472738559739,0.2190822537178598,0.016407060213830926,0.2389493084865288,1.5590148241702186,3.0,14.0,49.682909358451255
0.396317529839072,0.5,1.0,0.0,1.0,0.31140382435667435,0.491681613244389,0.46886861766852445,0.1988215712700186,0.1156953289991598,5.0,15.0,46.8372244995393
0.8229364427122632,0.75,1.0,0.0,0.0,0.8630111891484484,1.0,0.9348463075782144,1.0,2.133237257925673,3.0,5.0,73.44086147502402
0.46307186721442667,0.5555555555555556,1.0,1.0,0.0,0.24581228039961572,0.37384115982909977,0.533818118629526,0.704633017324198,1.7618517354558225,5.0,6.0,59.035332045617835
0.8089092361630428,1.0,1.0,0.0,0.0,0.9812544941314476,0.6960084855200025,0.8158395035875031,0.9309945751838125,1.7188111066841683,3.0,3.0,72.29911932596784
0.36373306642764497,0.3333333333333333,1.0,0.0,1.0,0.20186889236131472,0.7734859391145223,0.2562411242127358,0.594251834825328,6.3071544313466745,3.0,4.0,45.402493405907705
0.48442623309424115,0.5,1.0,0.0,0.0,0.8353591614565834,0.6062271916456136,0.0,0.3739264706505689,2.028271048233412,3.0,10.0,48.78994621111052
0.6211952203604022,0.2857142857142857,1.0,1.0,0.0,0.5041942810534938,0.4175086807796266,0.20504568081573543,0.0,3.0618755925100487,2.0,10.0,56.535988535734965
0.5901926375650214,0.5555555555555556,1.0,0.0,0.0,0.7593215430859128,0.5686364746195568,0.41747759435565157,0.7570295061342784,0.18585588229498295,5.0,7.0,55.84761863858535
0.6495623698195803,0.8333333333333334,0.40708762610271787,1.0,1.0,0.8307351225614483,0.9671746196025777,0.5779720545719007,0.5776212867101339,1.1858247477945643,5.0,7.0,74.9388141435122
0.6125726434935933,0.9,1.0,0.0,0.0,0.648278998615588,0.6774429409986226,0.6845383624869671,0.8608449068752033,0.17136514153273197,9.0,13.0,65.00662670038282
0.07539582163206762,0.0,1.0,1.0,0.0,0.1907582135519183,0.0,0.0,0.041224608156752045,2.2239203426868084,0.0,8.0,25.191257124547217
0.24075541488636848,0.18181818181818182,1.0,1.0,0.0,0.25333540657753817,0.25074660103225077,0.3501590025396098,0.2589112507659342,1.6136557096583513,2.0,13.0,39.39502022243654
0.4384351089733253,0.25,1.0,0.0,0.0,0.5542802190113111,0.0,0.4402532916916204,0.41968021124075927,1.60650274119776,2.0,15.0,39.12671317899887
0.7176280522467195,0.6,1.0,0.0,1.0,0.6221164510048077,0.5955468295134387,0.34581246445728164,0.7161702852535023,0.3713112264057443,3.0,7.0,65.44816396332551
0.2883133764648914,0.1111111111111111,1.0,0.0,0.0,0.25924077382089084,0.09556152445091781,0.0,0.2210896164235165,0.05239476237404972,1.0,5.0,29.978771826151338
0.821798565419615,0.6666666666666666,1.0,1.0,1.0,0.8009491425402316,0.6621824249156016,0.5082968760631794,0.5085163102553684,0.4402855114134443,4.0,15.0,82.68299720755236
0.5710428064754699,0.7142857142857143,1.0,1.0,1.0,0.5278795185167002,0.6650909888779377,0.8423857277067417,0.7731344257392457,2.248950900330426,5.0,11.0,77.98736343395922
0.5214385932544146,0.5,1.0,1.0,0.0,0.5201694919542462,0.3707394533425905,0.4820114415789557,0.19889000598997875,2.481454856340836,2.0,6.0,59.54761600343057
0.42045079355952986,0.5,0.6968791751643861,1.0,1.0,0.5270555608864517,0.22203426695123446,0.47041376978102917,0.8124275396905659,1.2124832993424555,2.0,11.0,54.11309819957557
0.4813914081481427,0.125,1.0,0.0,0.0,0.370784594955312,0.20105446849013417,0.19297777495266172,0.0,2.3246851188628987,1.0,9.0,40.64747425373149
1.0,1.0,0.8746393846218852,1.0,0.0,0.8410141582896078,0.9959776823766762,0.818789050149595,0.9307120322487311,0.5014424615124593,4.0,14.0,94.94331954971996
0.13403651014220172,0.09090909090909091,1.0,1.0,0.0,0.46724168642799846,0.0,0.3409641372669835,0.0,1.7378433036821068,1.0,6.0,33.667420823682775
0.4584605517638362,0.4,1.0,0.0,0.0,0.4817990242595087,0.46125601431007873,0.3496161753675557,0.2539667428268696,0.4160685150750236,4.0,15.0,44.708695363442324
0.7295513594237819,0.5555555555555556,1.0,1.0,0.0,0.6240317654555573,0.5524645204424685,0.31725481739333466,0.5582412386419657,3.9315770984779697,5.0,15.0,71.36882782483679
0.18192209298448336,0.1111111111111111,0.987950247345903,1.0,0.0,0.2886277030525487,0.07812679981193041,0.010590257475586312,0.005359491407910727,0.03614925796229107,1.0,5.0,34.329323778733276
0.5555020688365303,0.375,1.0,1.0,1.0,0.5982605295963267,0.03675892037465894,0.5960242313257318,0.6038492516291243,1.1572236817895665,3.0,5.0,58.78823069501499
0.7799099973582417,0.6666666666666666,1.0,1.0,1.0,0.5935625235570118,0.8395648188820873,0.5231353967502368,0.7120468698592259,2.0131863151188556,2.0,9.0,82.84800581798754
0.47605412438948713,0.3333333333333333,1.0,1.0,0.0,0.5488235373636089,0.1613841461136899,0.4922360491231963,0.2407513874876147,0.0,2.0,3.0,55.25846624910858
0.5803172827985301,0.42857142857142855,1.0,1.0,0.0,0.5989840572093046,0.48996007444285206,0.2409953541616938,0.4018550425766193,0.6542858891461094,3.0,6.0,63.64279086398102
0.8749446499716764,0.7272727272727273,1.0,0.0,1.0,0.5609046282165422,0.6317844074548425,0.50882671398172,0.9712128186839144,0.266830230753726,8.0,8.0,74.70955147500369
1.0,1.0,0.9620621721980088,1.0,0.0,1.0,0.9800292268413626,1.0,1.0,0.22762696681194683,4.0,15.0,94.78340934889951
0.6497067915787191,0.7142857142857143,0.9205539970335208,1.0,1.0,0.8462371120734369,0.9716983628006983,0.47201175094365133,0.48653153548263206,0.07944600296647919,5.0,15.0,76.82548515787154
0.5694479914174253,0.6666666666666666,1.0,1.0,1.0,0.5268507108751275,0.8123579428112739,0.7976255217022397,0.5305363238387456,3.024029196273588,4.0,4.0,73.79775703627855
0.6896023866711565,1.0,0.9205797060958666,1.0,1.0,0.6256298894783464,1.0,1.0,1.0,0.39710146952066694,4.0,14.0,86.6225031348567
0.7505690313847788,0.6666666666666666,1.0,0.0,0.0,0.7317889104328462,0.7761360556985498,0.4244760010837964,0.7373399838720746,1.9328157653432116,2.0,4.0,65.05915486896671
0.6353869330650839,1.0,1.0,1.0,0.0,0.5648205253395332,1.0,0.9342825963212466,0.7899236917202475,1.4291900040622885,6.0,12.0,80.22167129817322
0.603024448774389,0.6666666666666666,0.6012079536899296,0.0,0.0,0.8017416230594123,0.39606164662595467,0.49593632274356836,0.8164919845279913,1.9939602315503517,2.0,13.0,53.054893828065005
0.47898943918120257,0.3333333333333333,1.0,0.0,0.0,0.4426641326745874,0.32617883443735357,0.36010817580052645,0.1551585052960541,1.8383388768528826,1.0,14.0,46.28835499326385
0.6563063651404162,0.8333333333333334,0.4932433951211528,1.0,0.0,0.8982880290435786,0.8428497256005839,1.0,1.0,2.027026419515389,5.0,5.0,68.01915598571627
0.708578431802295,0.75,1.0,1.0,0.0,0.6074318898646807,1.0,0.618444987364767,0.8558898312499243,2.0561836563303206,3.0,14.0,76.56564918710959
0.8934558839094167,0.5714285714285714,0.8928083568691519,1.0,1.0,0.7314480403483739,0.5303072924053243,0.6388593516774429,0.3450436812994271,0.21438328626169612,4.0,4.0,79.97191777786787
0.6187415024917482,0.6666666666666666,1.0,0.0,1.0,0.7971658555772373,0.7643413782967686,0.6220436078335201,0.5608513263739843,0.8167345065129048,2.0,9.0,63.76118908633552
0.7477513247087133,1.0,0.5528600251868305,1.0,0.0,0.7476993585622614,1.0,0.9552926946738997,0.8907078770942751,1.7885598992526779,5.0,9.0,74.61818437374919
0.7075541046401079,0.5714285714285714,1.0,1.0,0.0,0.6939074991262802,0.8298101002791023,0.48508344486763616,0.6034039156890376,1.0447646472096324,4.0,7.0,71.59028919325816
0.46511367366109896,0.2727272727272727,1.0,1.0,0.0,0.6086020220058743,0.2986533379121687,0.03409543452993083,0.2319318931247746,2.65390083594124,3.0,3.0,52.07714991948018
0.7852202925453652,0.625,0.864344857325793,1.0,1.0,0.6428734375453143,0.8240016507647664,0.6487307888421401,0.3959022173236433,0.8139308560452418,5.0,13.0,78.42179011290132
0.6697625143783661,0.7,0.9171331655423955,1.0,0.0,0.5249844406045419,0.44312427585524555,0.5864768150177344,0.4211481707554848,0.4143341722880223,7.0,7.0,69.3469304313168
0.270189215043476,0.0,1.0,1.0,1.0,0.1465398752126548,0.0,0.0,0.10980466687957227,1.7092420471349792,0.0,11.0,41.86405179131644
0.5145244420000818,0.8571428571428571,1.0,1.0,0.0,0.7158336431182961,0.4961408751104423,1.0,0.9143902300556898,1.7592366472938785,6.0,8.0,72.85555904885128
0.35563183674259125,0.5,0.0,0.0,0.0,0.5316877329738803,0.6914772955240001,0.47178211699451544,0.5211075114410063,4.0,3.0,7.0,29.300692262143144
0.17971615714874772,0.2,1.0,1.0,0.0,0.4582718514866674,0.3712600488019725,0.09981822938448737,0.25414637179209215,4.830812727565546,2.0,14.0,36.50946973302963
0.5273388817722906,0.36363636363636365,1.0,1.0,1.0,0.49532622142871086,0.5750653269382344,0.6084488188805492,0.23985253413135663,1.8571069670966622,4.0,4.0,63.36578040922721
0.6365300624159049,1.0,1.0,1.0,1.0,0.5647500571750922,0.9280748695728853,0.5460620621827406,1.0,2.193837324905923,11.0,12.0,87.50688555778875
0.6173359505769926,0.3333333333333333,1.0,0.0,0.0,0.27880423433919094,0.28189475497709343,0.5633539101537328,0.8410344463301869,0.512919106675966,3.0,12.0,48.819907970896644
0.5893438734970001,0.5714285714285714,0.5841847118422158,1.0,1.0,0.952217390052997,0.5996399957493554,0.3277872226186036,0.806341995578,2.9107070171044898,4.0,7.0,65.65961407500383
0.484983283993514,0.42857142857142855,1.0,0.0,0.0,0.5886160971644387,0.7384373031020066,0.4251085872428429,0.3708897383794611,2.14944412250048,3.0,6.0,50.995878143736846
0.3351010273391158,0.2727272727272727,0.8898746478460758,1.0,0.0,0.43539229121429557,0.6276163356992419,0.09335324682071627,0.1680529233070247,0.33037605646177237,3.0,3.0,41.2298850925851
0.5746710497924248,0.4,1.0,0.0,1.0,0.5920387436442491,0.5928855281714454,0.1469397711004668,0.0,1.8878633883666798,2.0,15.0,55.21253399307259
0.6201269283215773,0.8333333333333334,1.0,1.0,0.0,0.5156297772901508,0.9429168837979636,1.0,1.0,0.3623978594745425,5.0,15.0,77.39314949266577
0.2726637304207052,0.18181818181818182,1.0,0.0,0.0,0.2727685852282972,0.47218706740420446,0.5401858266451445,0.33913925257314437,1.2760787582327549,2.0,6.0,33.668013772534884
0.6926019904726419,0.5,0.8125018092953777,1.0,1.0,0.8458705110716379,0.5039483577130794,0.4013303568567627,0.3912344061447015,0.749992762818489,3.0,3.0,68.104931307582
0.7425545392930026,0.8,1.0,0.0,0.0,0.8131512169841174,0.7796305245131869,0.8238044344827449,0.5136584634245744,2.5287778853578633,4.0,4.0,66.91773971953546
0.4593084686102073,0.375,0.21162096054232815,0.0,0.0,0.408807091959241,0.40177601828951404,0.33753807536575,0.14394651136205483,1.5767580789153437,3.0,3.0,31.698903501060904
0.37697195816804596,0.0,1.0,1.0,0.0,0.22241954180563206,0.0,0.3307115042176281,0.08887957249588457,5.291138850678379,0.0,13.0,40.644579920990935
0.528344552046011,0.45454545454545453,1.0,1.0,1.0,0.4895081189837207,0.47304376895856426,0.0,0.43667730781295166,5.275897269974024,5.0,14.0,62.481710547654714
0.5277797598723839,0.36363636363636365,1.0,1.0,0.0,0.49055830518491833,0.21250291575525443,0.39660352071581206,0.50195476715782,4.06539917093302,4.0,4.0,55.95120183749708
0.6019782517149453,0.8,1.0,1.0,0.0,0.9167877375733298,1.0,0.5900322108883347,0.8172886276736367,3.35095797154902,4.0,12.0,75.86538760430335
0.8341621187835603,0.5714285714285714,1.0,1.0,1.0,0.6956380111938304,0.7192923018145146,0.003116486704912047,0.7647803378518683,0.6309032835327182,4.0,5.0,77.50157026697461
0.4122637856970348,0.36363636363636365,1.0,0.0,0.0,0.33368158037679513,0.6709575951949722,0.2343197422019306,0.43755139171481305,3.133093411494417,4.0,7.0,40.198011840075765
0.48672195923399725,0.0,1.0,1.0,0.0,0.4119925980220886,0.0,0.3565707340003217,0.1657590760321362,0.6076470034477448,0.0,10.0,48.283678937893754
0.4023357380834628,0.25,0.2309883051697955,1.0,0.0,0.4752716983429184,0.6423054504459731,0.05566917811191194,0.0,2.3070350844906136,1.0,12.0,37.55275336876988
0.7718516538785956,0.75,1.0,0.0,0.0,0.5811676549348834,0.5169544255171807,0.8739684114442143,0.503130885900508,3.806402828061376,6.0,14.0,66.31054070389833
0.5756068198831363,0.375,1.0,1.0,0.0,0.601032933081725,0.20930454648502297,0.5887078833539406,0.30212966602247454,3.057648925845011,3.0,3.0,58.718744262392015
0.43762221061800544,0.0,1.0,0.0,1.0,0.5419999090506908,0.0,0.0,0.21591375698004842,0.7373217846891293,0.0,5.0,38.35526934023857
0.532458488473636,0.6666666666666666,0.5874078713344248,1.0,0.0,0.6229135404698944,0.9520563912212423,0.6431669027171508,1.0,1.6503685146623006,2.0,6.0,61.08447115231609
0.8290762481534634,0.8,0.9379331078070088,1.0,0.0,0.6774364934470969,0.8906032295011432,0.37241446056095545,0.7671528435226245,0.3724013531579473,4.0,7.0,81.3484740147721
0.6715727821093728,0.3,0.0,1.0,1.0,0.5137432994407997,0.30611073490611707,0.09244395010201775,0.177683987222364,2.0,3.0,15.0,48.101639636038485
0.7689568424909772,1.0,1.0,1.0,1.0,0.5969702619215164,0.9073270617638711,1.0,0.6090062911484393,2.6901617052359548,5.0,13.0,88.90926923505697
0.5041647280570547,0.4,0.6561974380388057,0.0,0.0,0.5108138995333704,0.20233167288107407,0.3633494013481549,0.5727127528146329,2.40661793372836,2.0,7.0,36.82729025637387
0.5371864029023815,0.6,1.0,1.0,1.0,0.6290274761256613,0.8538729182647419,0.6308151171176101,0.4899618849611046,1.3736617402933522,3.0,15.0,72.97366409842158
0.5084276497377881,0.5,0.8225226608881246,0.0,1.0,0.44619653219814726,0.6937550669887551,0.4792946675302712,1.0,0.8873866955593765,2.0,9.0,54.22942984724873
0.5053707358718988,0.0,0.7433241387501308,0.0,0.0,0.6601808492656699,0.293441067876623,0.4322408677452149,0.0,2.0534068899989535,0.0,9.0,35.468827642220994
0.5128251901977088,0.6666666666666666,1.0,1.0,1.0,0.6925115417097734,0.788093929523269,0.5219523038051743,1.0,1.2767101865571435,4.0,8.0,72.30581666880606
0.3869457413779074,0.4,1.0,1.0,1.0,0.2589923029462452,0.0,0.7031902094569882,0.5496734767174934,0.13240122937593712,4.0,4.0,57.7863747976649
0.6599747790363919,0.3333333333333333,1.0,1.0,0.0,0.36765047687880276,0.15930840545067193,0.3127040422188144,0.12768045346905996,2.4763782108507355,1.0,15.0,60.040121831821565
0.37494581110660347,0.0,0.0,0.0,0.0,0.2506427586735134,0.13367683505240757,0.32272377440777555,0.04642875772871732,1.0,0.0,3.0,17.503700243685287
0.7211110965517695,0.3333333333333333,0.2853707090523556,1.0,0.0,0.7966155755927424,0.3167842687908497,0.013838153696540234,0.4876094386434266,0.7146292909476444,1.0,5.0,50.469757021629626
0.37094736346089763,0.25,1.0,1.0,0.0,0.5363369188236875,0.19940844595293716,0.24062348567878936,0.2049495614966834,0.0,2.0,5.0,44.624349235770865
0.7151537364685083,0.8,0.49018666219202206,0.0,0.0,0.9166646448778233,0.6514191823198849,0.6633889075368367,0.9675965421104598,3.5686933646558456,4.0,6.0,58.93919324304101
0.42071876674738345,0.4,1.0,1.0,0.0,0.4905485594238531,0.6205661221346173,0.3806839138870087,0.563191431869732,4.396384819957024,4.0,4.0,53.84046312517738
0.5046961402377235,0.375,1.0,0.0,1.0,0.49572454375150227,0.5071146747345754,0.5939227777865481,0.49426770011882626,4.967196488199338,3.0,3.0,55.84465106327798
0.5871083963258836,1.0,1.0,1.0,1.0,0.5644976400193729,1.0,1.0,0.9967053263904989,0.9854524104479059,10.0,11.0,84.2280353644306
0.694694546798601,0.625,0.8304684936373953,1.0,0.0,0.7108246170493859,0.5609515952186896,0.8434841918059264,0.39001198213877464,0.8476575318130237,5.0,15.0,67.42708101205267
0.5054835566857473,0.3333333333333333,1.0,1.0,0.0,0.4872607538118771,0.41506512993529904,0.13588469281306534,0.3179762582382866,0.20310214901978618,2.0,4.0,54.46186030167766
0.5930934405040897,0.6,1.0,0.0,0.0,0.5887313853690169,0.4092023132846334,0.3689764193447824,0.6352129327431686,2.5471484049727273,6.0,6.0,55.41311747408364
0.6102991381908973,0.7142857142857143,0.9237406534519693,1.0,1.0,0.8473721416836729,0.7409166777333994,0.6678288303759129,0.3390755400781494,0.22877803964409216,5.0,9.0,73.80400466278292
0.4199022487885553,0.45454545454545453,1.0,1.0,1.0,0.48743090324746624,0.04951813039869496,0.39604197529941576,0.4883925177437233,1.2752677340833785,5.0,15.0,58.84299272169901
0.7055073676257495,0.6363636363636364,1.0,1.0,1.0,0.8362869978082185,0.40410273131941643,0.5454745752223139,0.6170033834016077,0.774487899037501,7.0,12.0,75.97582067029457
0.5344692017155912,0.75,0.9517678085477549,0.0,1.0,0.43744218143490243,0.741983868034638,0.4891010203524492,0.4906747858430091,0.3376253401657161,6.0,12.0,59.03254367281638
0.5836497316681313,0.4444444444444444,0.915871502672086,1.0,0.0,0.8963269583053208,0.9219657107739321,0.6581477942118599,0.37784316630609305,0.25238549198374205,4.0,10.0,59.01109982980504
0.7489341673771349,0.4,1.0,1.0,0.0,0.5922279199090663,0.12586624678352443,0.2701758158606327,0.33763073063314025,1.3866417433710163,2.0,8.0,64.32526874806722
0.6282625786373157,0.3,0.6154079090750391,0.0,1.0,0.6425802431796752,0.1261554933428247,0.56373718688679,0.6860189066986837,1.1537762727748828,3.0,5.0,50.17663403258679
0.34160686910174376,0.4444444444444444,1.0,1.0,0.0,0.5687869516404773,0.5334639078491502,0.3972479847893372,0.4884681136799178,1.7034586912470324,4.0,14.0,51.66442530480508
0.5992277963951672,0.7272727272727273,0.9795488686716622,1.0,0.0,0.5917878825509547,1.0,0.8199270920518171,0.9344817775356471,0.14315791929836408,8.0,13.0,75.00967248937336
0.4505740888666405,0.2,1.0,0.0,0.0,0.5510419507970746,0.2863910494578532,0.27269612145201017,0.17643693910187028,1.0547346092964605,1.0,3.0,39.53210764591687
0.7915661693582781,1.0,1.0,0.0,1.0,0.9107251574009738,1.0,0.7686595571228125,0.6252166966329833,3.567925132337118,10.0,12.0,82.9334509674695
0.41778559952039507,0.5714285714285714,1.0,0.0,1.0,0.4452833225158285,0.5606598963068055,0.602213214170119,0.7058969411928961,0.4636159095460952,4.0,4.0,56.465535294346026
0.47123791417681893,0.25,1.0,1.0,0.0,0.3904010344777414,0.2080881139909122,0.6242332477827633,0.11836265408249172,2.6396086803839847,1.0,12.0,54.10195591888954
0.6737979725860441,0.75,0.44318685764646853,1.0,0.0,0.696145906481889,0.8147931833721962,0.7553546956820785,0.6828799740024178,2.7840657117676573,3.0,13.0,63.89848845163686
0.7797190490324538,0.5,0.9798962818169729,0.0,0.0,0.662014298342364,0.43150790968730124,0.6482808827031284,0.28940575017690584,0.14072602728118966,4.0,4.0,60.60268122139887
0.7696125556859065,1.0,1.0,1.0,1.0,0.9635012615606021,1.0,1.0,1.0,0.8553772421521457,5.0,8.0,93.2300492024009
0.4401604062391909,0.0,1.0,0.0,0.0,0.4823923650010454,0.0,0.017550924840297147,0.21303567232449044,4.646661358412918,0.0,4.0,33.62982981825359
0.397949391624403,0.5,1.0,1.0,1.0,0.49562639789541046,0.71019766586203,0.49102531789944426,0.6865476216949252,0.0,3.0,10.0,63.423855001372395
0.364138884252419,0.375,1.0,0.0,0.0,0.5303418529585094,0.43207634221449537,0.4454094230066861,0.6922379015570329,0.6075802762144455,3.0,15.0,39.170866543072115
0.7865994351771387,0.8,1.0,1.0,1.0,0.5083713764941094,0.8113502436518446,0.9179221602246349,1.0,3.713377701832526,4.0,4.0,90.11207496723482
0.7936840573092485,0.7272727272727273,1.0,1.0,0.0,0.6651386907715348,0.4815355064391714,0.3797966347214913,0.31809788122108257,0.0,8.0,8.0,73.89333123149616
0.5851128728710728,0.8,1.0,1.0,1.0,0.6978393137902492,0.6736380390403836,0.80440663560122,0.5612758878141737,0.3743223791486595,8.0,15.0,72.31962650897644
0.588603574492355,0.5714285714285714,1.0,1.0,0.0,0.7415726116057967,0.8371858365925435,0.48093143766416163,0.20979025576326077,1.4634779701110787,4.0,6.0,65.31876694009723
0.3160286809946925,0.36363636363636365,1.0,1.0,0.0,0.45709431751539775,0.3760885439903579,0.22750045803298777,0.49002244571428166,1.1690171074455606,4.0,4.0,43.56189579495216
0.3615869541766758,0.16666666666666666,1.0,0.0,0.0,0.5793694760434895,0.26677839052377444,0.4017788300529528,0.02805030990683613,3.931540950908829,1.0,9.0,33.22189027340943
0.5254307342748951,0.25,1.0,1.0,1.0,0.6030966133867345,0.14168423760323764,0.03870782542595225,0.15216393363121405,1.6969476201464637,1.0,9.0,62.26312556876117
0.581138313436996,0.6666666666666666,1.0,1.0,1.0,0.5695793768247536,0.7114368321460854,0.3098174733984662,0.6233471802811755,3.455545791028438,2.0,11.0,71.55211525729491
0.27011583528674366,0.0,1.0,1.0,1.0,0.3047484483645823,0.0,0.12505756958488798,0.07651413761815032,0.07998328538017763,0.0,7.0,38.47726005950113
0.5280609158408374,0.7272727272727273,0.772983059166469,0.0,0.0,0.6684561962951872,0.795251533044547,0.36478607883087166,0.43020851767143603,0.6810508225005929,8.0,15.0,53.244265776775535
0.2777525459205644,0.1111111111111111,1.0,1.0,1.0,0.2989301570992681,0.22782647261974798,0.0,0.0,0.34855361396072926,1.0,9.0,42.67584893207958
0.6776399766123873,0.3333333333333333,0.8102242266580996,1.0,0.0,0.7720261441588989,0.4410439842266365,0.48315222513112566,0.33359257463955466,1.5182061867352035,1.0,6.0,61.976529276187186
0.40875098700605594,0.2,1.0,0.0,0.0,0.3008908080376505,0.0873547305117709,0.1849188951237474,0.4397491872308935,1.7670233924201906,1.0,15.0,35.44197863386204
0.3463897346685949,0.3333333333333333,1.0,1.0,0.0,0.4771414879851274,0.321764156195243,0.387331651354464,0.32825385268311635,0.028243774489508766,1.0,15.0,49.49104691408662
0.5955606993431743,0.6666666666666666,0.8188074000150164,1.0,1.0,0.722922599003702,0.8133616129433603,0.5193326002151497,0.5083347253902601,0.5435777999549507,2.0,9.0,68.78522954968341
0.40830868546001253,0.6,1.0,0.0,1.0,0.49612526972167337,0.6119412328499423,0.24543065104601575,0.17035826393247266,1.7973168192420026,3.0,3.0,57.66711835323433
0.6783008369431746,1.0,0.7520947406752372,1.0,0.0,0.6905794567065189,0.9982850311787802,0.6891268130041132,1.0,1.487431555948577,8.0,10.0,78.4795076228164
0.7965741020189077,0.6666666666666666,1.0,0.0,0.0,0.7159952570011752,1.0,0.5567851087917842,0.5194803367885705,2.3410044277115887,2.0,10.0,67.61460181907721
0.46472029089178923,0.36363636363636365,0.9608313057543196,0.0,0.0,0.597473043344617,0.2424583222404612,0.03370773489439444,0.1341489804860194,0.15667477698272148,4.0,4.0,41.269804770308596
0.8840304782750019,0.7142857142857143,1.0,1.0,1.0,0.716403384091837,0.9587610385417311,0.731837353835758,0.37122066899395806,3.118192888188368,5.0,11.0,86.2714920424195
0.7885582593804733,1.0,1.0,1.0,1.0,0.6765806742920979,0.8421574805691125,0.8482592536324278,0.7121798377716069,0.014524843540865362,5.0,13.0,88.20042825488997
0.5813968421713062,0.5714285714285714,1.0,1.0,1.0,0.7425558950733938,0.739289166867426,0.5621365018489386,0.37918572733780087,2.0638193331158483,4.0,4.0,69.24887845762085
0.7769072990250547,0.8,1.0,1.0,1.0,0.7975238613135451,0.9774674604623153,0.7841325882098148,0.7522302527611698,1.1591247475458122,8.0,12.0,89.17714523438947
0.17928949013367185,0.4,1.0,1.0,0.0,0.5016231622188944,0.3581342720897318,0.4350959019733959,0.15825165904786861,2.287803747428974,2.0,4.0,42.478814074368984
0.824592718838429,1.0,1.0,1.0,0.0,0.9121865312293859,0.8308541664848209,1.0,1.0,1.0198937842952542,3.0,12.0,82.87914177268442
0.7941216214326858,1.0,0.684150646914189,1.0,0.0,1.0,0.6953220233153848,0.8743418700285661,0.9507104520163795,2.5267948246864878,3.0,8.0,77.69624574995586
0.6283246672218177,0.3,1.0,0.0,1.0,0.6915427445226034,0.23927956839343958,0.2904732386594427,0.7443984578369054,2.817587078484264,3.0,3.0,56.545050402490325
0.540761527299634,0.25,1.0,1.0,0.0,0.4189531398598568,0.39471935663141827,0.2519217882524384,0.0,0.6246341550841858,1.0,15.0,53.855175126717086
0.1639569977343839,0.0,1.0,1.0,0.0,0.3302128050482627,0.0,0.0,0.03229588606247636,2.379032154709627,0.0,5.0,31.35470848122756
0.8657233009019764,0.8333333333333334,1.0,0.0,0.0,0.7310101722139973,0.9007840778996045,0.9255689974224213,0.8681343311415248,2.180492953737712,5.0,10.0,77.65212364963226
0.49074447915250274,0.4444444444444444,0.8755678396628861,0.0,0.0,0.47745098706919736,0.22868708082049227,0.4274317276128997,0.23833296365981468,0.7465929620226834,4.0,5.0,43.00024898584848
0.19146561284447458,0.0,0.0,0.0,0.0,0.11665947770617774,0.007900125421286484,0.07409075035358557,0.019050479489492136,1.0,0.0,15.0,9.223333795186965
0.7781978446499987,0.9090909090909091,1.0,0.0,0.0,0.7431281755412421,0.7526230063351376,0.5759853180925113,1.0,2.110710202898008,10.0,12.0,70.46503665419617
0.49788989954256396,0.4444444444444444,1.0,1.0,0.0,0.6005656805294288,0.48040795410344755,0.3249743459087179,0.4637427409560109,0.19350194117897246,4.0,13.0,59.26068643425153
0.6989015519691371,0.42857142857142855,1.0,1.0,0.0,0.6137259509129199,0.3883771240420728,0.13843494812700086,0.7054640055353961,2.672858558932994,3.0,8.0,64.51333862431689
0.4658746434189452,0.25,1.0,0.0,1.0,0.34021938114868233,0.08573409547723204,0.3638123027668326,0.0,0.44359811427395357,1.0,9.0,44.671994772733086
0.5519517977790479,0.45454545454545453,1.0,0.0,1.0,0.37925235274073743,0.38594822852544525,0.09541981529038585,0.2860987719849104,2.8468195548965767,5.0,11.0,55.59744644956178
0.7080776499426528,0.6,1.0,0.0,0.0,0.9220564547318619,0.4818517647964412,0.34569594797708936,0.8950112094461888,1.646608968418203,3.0,13.0,62.05552469987697
0.7882874513139826,0.7142857142857143,1.0,0.0,0.0,0.7723200720277008,0.52777926824298,0.7818348225055501,0.8966909809384844,1.3759499874282968,5.0,14.0,67.26413913807295
0.5606992779823425,0.3333333333333333,1.0,1.0,1.0,0.43675970807340114,0.5782275818854284,0.1448709362323388,0.4414356755865909,0.05197760251945116,2.0,3.0,62.36001251526815
0.7703356167377944,0.6,1.0,1.0,1.0,0.7520650426963528,0.5851685243988335,0.3457540555064071,0.8466430813038919,1.2648552281230332,3.0,11.0,81.66811078959628
0.6230418895496547,0.5,1.0,0.0,1.0,0.868071179634075,0.15359941916674025,0.6494782744988402,0.11668842425964598,3.1857054299054184,3.0,4.0,59.050145972831665
0.6951181757672042,0.75,1.0,1.0,1.0,0.7747586622527493,0.6878094546329566,0.908496586450211,0.9091221325445642,0.6915690826733609,3.0,6.0,80.00522471097695
0.4487006474505635,0.0,1.0,1.0,1.0,0.06746714706932971,0.2146481084872876,0.10885566235901967,0.21287403248388453,1.8623488873677108,0.0,13.0,48.467412765924294
0.6890924631901433,0.8,1.0,0.0,0.0,1.0,0.7129554460136723,0.9367161282668646,0.6682599667648528,0.892720152499412,4.0,6.0,68.32493908988867
0.6789895819613594,0.75,1.0,1.0,0.0,0.47113573424776645,1.0,0.6490525586336275,1.0,1.0492080854908439,3.0,13.0,76.33754112646157
0.8399225634089631,0.6666666666666666,1.0,1.0,0.0,0.7199103867554802,0.5624674967735805,0.5716562122466112,0.7059364594790781,4.246821513876597,4.0,9.0,77.54230891900558
0.6446308953546277,0.3,1.0,0.0,1.0,0.4290753869056404,0.4406134500469619,0.1074221187226074,0.0,3.2034600620791025,3.0,6.0,54.540519771712944
0.6740189031692013,0.75,1.0,1.0,0.0,0.602008253229355,0.9865949452263821,0.7369004168975151,0.8262543995867508,0.958807630391437,3.0,7.0,76.43253465204
0.41224047738999264,0.3333333333333333,1.0,0.0,1.0,0.5029707103567465,0.4643682483493913,0.16719570132164674,0.18936132733545352,1.2289081758720681,1.0,9.0,46.245058467787636
0.4755808200250198,0.0,0.9137512846997231,1.0,1.0,0.16548854795542578,0.0,0.0,0.2329990547859036,0.603741007101938,0.0,12.0,50.60287391475443
0.6103359172355399,0.42857142857142855,1.0,0.0,1.0,0.5709645496400995,0.3089270847255469,0.5105495240476665,0.5381602352496881,0.4540569074700933,3.0,10.0,59.656146679544264
0.6378697505036836,0.6,1.0,1.0,0.0,0.7747224784556209,0.8606127782695847,0.8105986340131636,0.48041558554476177,1.41879557509723,3.0,15.0,71.27425722302789
0.4042324176343495,0.2857142857142857,1.0,1.0,0.0,0.3521443204135226,0.19088422357452978,0.3233315416537066,0.5862046693668649,2.5012271791382563,2.0,14.0,52.72984548221845
0.8398035894457513,1.0,1.0,1.0,0.0,0.6610774080575295,1.0,1.0,1.0,2.298441793821838,3.0,12.0,88.6091371141065
0.5973949848134756,0.6,0.7162963776381959,1.0,0.0,0.602111130907375,0.5725487500733101,0.3947865741527954,0.4344160024635797,1.4185181118090204,3.0,10.0,62.936842544873286
0.47027941845124055,0.5,1.0,1.0,0.0,0.4960247594968932,0.5754587174594472,0.045645579373963074,0.4695909838878305,2.7539654613572626,3.0,6.0,59.77350166898829
0.6488184127638015,0.6666666666666666,1.0,0.0,1.0,0.5872076319702411,0.46716735680289534,0.7738848023763686,0.7700500248194827,0.6224526412448945,4.0,8.0,67.52173764470118
0.6175651711910385,0.5714285714285714,0.0,0.0,0.0,0.4781599407589966,0.5119404079803217,0.3516251898462905,0.49857591887404706,1.0,4.0,4.0,42.574906018878224
0.6049525919695722,0.7,1.0,1.0,1.0,0.7095308161286421,0.59244485152085,0.5897877068094199,0.633120119230549,3.472769474863843,7.0,7.0,75.45830968343988
0.6941733683474277,0.5714285714285714,1.0,0.0,0.0,0.7266667799864929,0.6620365085290426,0.13207333920192416,0.5787735770814683,3.7265579934759057,4.0,15.0,62.97371210815863
0.7046598870773187,0.5,1.0,0.0,0.0,0.5142193410500149,0.5667755643488589,0.2521737455839182,0.2868402831925221,1.3274939646813202,5.0,8.0,56.27108353744286
0.6306734375243638,0.42857142857142855,1.0,0.0,0.0,0.4796754666763697,0.5618484098956427,0.0480813969239966,0.0,2.21758720381047,3.0,4.0,51.441410737532905
0.7668501937743206,1.0,1.0,1.0,0.0,0.8114616264791314,0.9617059494433189,0.8544532820475332,1.0,2.334898417488864,5.0,11.0,84.61687639103175
0.7906985805026046,0.8,1.0,1.0,0.0,0.640017762255652,0.6825585871669759,0.6631986713457511,0.40222001014096287,3.5915443056245024,4.0,15.0,78.09863790073064
0.8093553676952049,1.0,1.0,0.0,1.0,0.8356493533864567,1.0,0.969791290540606,0.8013922593710558,2.256137050863451,5.0,14.0,77.90882901134228
0.3392104825720858,0.375,0.3815411483742875,1.0,0.0,0.6225603005913661,0.2396739974587338,0.5977390521581385,0.020683528210285518,1.8553765548771375,3.0,6.0,42.5742203401029
0.8807275254197295,1.0,1.0,1.0,1.0,0.8391486646914805,1.0,1.0,0.6703111104477393,4.819615497942255,5.0,8.0,92.51764231959213
0.6357176150966519,0.6363636363636364,1.0,0.0,1.0,0.4995298717916935,0.6657496067775961,0.22948631639733053,0.7216346711874947,2.931313778960086,7.0,9.0,63.95608347408597
0.8255114745340311,0.42857142857142855,0.8904757947272354,1.0,1.0,0.7256754403617809,0.4198671088245365,0.512334824406257,0.3841097955594139,0.21904841054552926,3.0,6.0,71.50986172680886
0.7248725035934273,0.5,0.0,0.0,1.0,0.6298740590746883,0.633191612095038,0.47458603343712114,0.4483199089063753,1.0,5.0,6.0,50.722687583775866
0.5520046854988095,0.3333333333333333,1.0,1.0,0.0,0.51371659730884,0.3695877234356244,0.26181151828539173,0.07015297660853143,1.8096268608081676,3.0,6.0,54.94974113999002
0.6632337934879149,0.6666666666666666,1.0,0.0,1.0,0.722160618481683,0.4182173576363313,0.6116727700804769,0.5354968488989544,0.2434799232648417,4.0,15.0,62.58786002085281
0.7196466706069621,0.8,1.0,0.0,1.0,0.806765490106532,0.6589426181099021,0.7950015341789761,0.8752910318420375,1.4599907079979184,4.0,12.0,72.6048535100124
0.4017794937862492,0.4444444444444444,1.0,0.0,0.0,0.4961721431717198,0.6848320111400751,0.24222935042146004,0.43402699138314427,2.2868136825565273,4.0,13.0,43.57750156910465
0.2913215327360107,0.4,0.8335581120032046,0.0,0.0,0.4238130517260908,0.4650991826120249,0.309882811344579,0.5645348122083971,0.33288377599359076,2.0,13.0,35.39212876882641
0.2952929069102122,0.2,0.6419460036578313,0.0,0.0,0.6305067869664024,0.0,0.4104666072562035,0.39301840242518293,1.432215985368675,1.0,15.0,27.801922188294174
0.47609213963773017,0.36363636363636365,1.0,1.0,0.0,0.6492170336149453,0.47701653564509355,0.15877709106274626,0.3131923919847215,1.5716369357439564,4.0,4.0,56.40419050088847
0.19019242947206477,0.2857142857142857,0.8666121447230265,0.0,1.0,0.45704069885882076,0.2350476981377309,0.00913893095576468,0.0,0.266775710553947,2.0,14.0,30.88701937182623
0.5680147182606035,0.6666666666666666,1.0,0.0,0.0,0.6380180033895618,0.5592566752150858,0.6030910501344194,0.5153376868534234,1.092191571464796,2.0,3.0,54.707769015960004
0.5560007217393546,0.5714285714285714,0.6855578543459119,1.0,1.0,0.4723682793324555,0.41535148081447915,0.2727039509421749,0.551890715254033,1.886652873924529,4.0,9.0,62.99758613410582
0.7741488135817451,1.0,1.0,1.0,0.0,0.9336533324238646,1.0,0.5709877132800455,0.8447025895991771,0.2956345510507248,7.0,10.0,85.44682602282447
0.4705931682174227,0.5,1.0,1.0,0.0,0.5540822233040028,0.19621029303903703,0.3742172210435404,0.2890751577332493,2.229903782079994,5.0,7.0,59.431090556210464
0.4812405644964541,0.4444444444444444,1.0,1.0,0.0,0.45840908347573944,0.3436886710453362,0.7131412590485076,0.4583949012891416,2.011865015293594,4.0,4.0,55.770509207110145
0.8818672593748634,0.75,0.7410946860844877,1.0,0.0,0.7551634122881652,0.8216228178640237,0.6915070989070835,1.0,0.776715941746537,3.0,5.0,78.93781184976247
0.37945743377887237,0.0,0.8079339076704871,1.0,0.0,0.25481393725191476,0.3341053524026294,0.0,0.0,1.536528738636103,0.0,13.0,41.319404778375855
0.29526390677222203,0.125,1.0,1.0,0.0,0.4909982432058034,0.2746944753430574,0.0,0.12443882950164503,0.8315273795035845,1.0,7.0,44.87909537888489
0.6251315987298977,0.6666666666666666,1.0,1.0,0.0,0.7299403360697349,0.5643822358707622,0.713054275003675,0.4042594912204689,1.922065594038818,2.0,7.0,67.1220082707175
0.396602399721728,0.2,1.0,1.0,1.0,0.4502669752581797,0.5252836217392267,0.17054048948815423,0.44868021100830274,1.6103502803851022,1.0,15.0,52.42187214843302
0.5828453479511819,0.75,0.9439200778193451,0.0,0.0,0.6446461377429995,0.5560777880531049,0.553718737831342,0.9249486086702846,0.22431968872261976,3.0,4.0,59.52625764565729
0.7077043738707375,1.0,1.0,1.0,0.0,0.6867867029718507,1.0,0.9896111037085222,1.0,1.3956488849732072,3.0,14.0,82.12152198156889
0.8758083369846601,0.9090909090909091,1.0,1.0,0.0,0.5657777616648019,1.0,0.8965176648656603,1.0,3.8047109425519894,10.0,14.0,86.38524114678167
0.41629254136464877,0.3333333333333333,1.0,1.0,0.0,0.30111374934821733,0.22473252835725394,0.050245989094587495,0.24786506239437184,1.2102893746180552,1.0,10.0,50.577440267849205
0.6686364335562955,1.0,0.38342603209068993,0.0,0.0,0.6617689543580183,1.0,1.0,0.9395164360308756,2.4662958716372403,3.0,5.0,65.47472060315349
0.4766413405298487,0.36363636363636365,1.0,0.0,1.0,0.3982417283058605,0.32113614042699096,0.5770061565923377,0.7056120700136936,1.2064006762012838,4.0,5.0,48.46733961566181
0.8141611703754948,1.0,1.0,1.0,1.0,0.8510958016229005,1.0,0.8998528753958264,1.0,4.887913942425218,4.0,6.0,95.26267365676631
0.31327549309673985,0.5,0.7464597676812584,1.0,1.0,0.5633532209303315,0.21887281133448244,0.25912927546383624,0.05615563573116772,1.7747816262311913,5.0,10.0,49.56244095644897
0.6284437703952701,0.6666666666666666,1.0,1.0,1.0,0.6340536570764139,0.776962362907864,0.5775990513102864,0.7576308617940686,0.859449323658044,2.0,4.0,76.29553868371886
0.5291575921217913,0.25,1.0,1.0,0.0,0.6696909486693783,0.22582079891515108,0.3880149029141743,0.1336603878460807,0.34732913393573117,1.0,8.0,56.908474606085804
0.6874808595959533,0.6666666666666666,1.0,0.0,0.0,0.58208532713445,0.9236133476008745,0.34687652202126673,0.8463010315979982,0.9917659185501284,2.0,4.0,63.83451326903986
0.8453531916011743,0.5555555555555556,1.0,1.0,0.0,0.703033369899624,0.5976390241967845,0.6328383724880754,0.6371936494395903,1.1885043063075438,5.0,10.0,75.49135421608703
0.6376331378774615,0.375,1.0,1.0,1.0,0.5745664505315461,0.6498613160696214,0.17583681912549423,0.026891447195440177,3.07994397212585,3.0,3.0,68.27227669260341
0.6167292258272452,0.2857142857142857,1.0,1.0,0.0,0.680019082510962,0.42708458342023503,0.28896816361782796,0.3394803198133812,0.9695665728016216,2.0,12.0,58.71841039029206
0.9360103123097192,0.6,1.0,1.0,0.0,0.783911090389235,0.6270484773713316,0.425847119489976,0.6421255454503215,3.354519114424093,3.0,3.0,81.18014942780522
0.39097875141295174,0.0,1.0,1.0,0.0,0.39196870788280375,0.1917804757305731,0.0,0.0726924972929573,0.5646886824270343,0.0,5.0,41.3340754330012
0.6320684249519242,0.625,1.0,1.0,1.0,0.4420996174274153,0.8179305236148819,0.9100808815717105,0.7401057703826618,0.09972645205073416,5.0,5.0,77.8051495956099
0.9168488352117599,1.0,0.8654085084806971,1.0,0.0,0.7545931707400013,1.0,0.6400009500826318,1.0,0.5383659660772118,5.0,13.0,85.7866205008283
0.42039162799260077,0.375,0.527637656959949,1.0,1.0,0.6144405054403803,0.01238575256746699,0.4317805590600197,0.45777779792285966,2.834174058240306,3.0,3.0,47.47601276177903
0.4240334694505074,0.2222222222222222,1.0,1.0,0.0,0.1973295451766219,0.09536133388463061,0.5531135926249053,0.2268019143171151,1.3515628238516797,2.0,8.0,46.177677648660946
0.6722726828306024,0.9,1.0,0.0,1.0,0.8886818255654463,1.0,1.0,1.0,4.908000576943685,9.0,10.0,74.77804845483142
0.8477581469075458,1.0,1.0,1.0,0.0,0.8914509047829033,0.8239297460216521,0.65715865581138,1.0,1.7164709545717223,7.0,9.0,83.9423741362247
0.7217709094376217,1.0,1.0,1.0,1.0,0.6850943498432791,1.0,0.6680522880386108,1.0,2.173494708323359,3.0,11.0,86.49133009148707
0.6175685800165939,0.8,0.9913124499903633,1.0,0.0,0.5780599838385928,0.9771614782203404,0.5846424171377917,0.841241225361618,0.026062650028910284,4.0,13.0,71.6796298346199
0.6496167951726605,0.6,1.0,0.0,1.0,0.8698421938094941,0.5193645749152347,0.5847397405343724,0.6865061099537837,0.31133321745265885,6.0,8.0,66.66807858207092
0.49776034139204617,0.42857142857142855,1.0,0.0,0.0,0.7005037075468085,0.11942973569041815,0.42827882127102,0.4797801804510802,2.769282976666524,3.0,13.0,44.34202702592606
0.5061974637139904,0.875,1.0,0.0,0.0,0.6322059660860759,0.8225957323693732,0.5452267580540676,0.8787036830546655,4.8173872805796405,7.0,7.0,57.68087344483134
0.4110474551568349,0.5714285714285714,1.0,0.0,1.0,0.543979505212004,0.9954712792825133,0.3294219305702387,1.0,3.7758958715936393,4.0,15.0,56.332768890499636
0.5373280210246244,0.75,1.0,0.0,0.0,0.5517558461518483,0.6446100874023162,0.5214738528643955,0.6001893251367135,2.4104892594560443,3.0,9.0,60.854613795986495
0.23949791672086854,0.09090909090909091,1.0,1.0,0.0,0.3466754125907962,0.0,0.0011447931238144915,0.3218902565576308,0.8703011587810181,1.0,12.0,36.81317922101189
0.6830641328707698,0.6666666666666666,1.0,0.0,0.0,0.5931770838301977,0.5371018328108979,1.0,0.6414952781265519,1.2194378285346472,6.0,14.0,62.5469597555176
0.4171817525576872,0.18181818181818182,0.7643284537144971,0.0,0.0,0.42376117120460316,0.4504793875970953,0.0,0.0,0.7070146388565086,2.0,13.0,36.62247240453101
0.8778335246039038,0.9,0.6506108262324477,1.0,0.0,1.0,0.9062751719074809,0.6350692767101267,0.8623364512826988,2.096335042605314,9.0,14.0,82.79021864630894
0.4903362187530126,0.2,0.0,1.0,0.0,0.45917761285280456,0.13733687878915501,0.0,0.09064483324921709,1.0,1.0,9.0,35.332252779788504
0.7286283547419189,0.6,1.0,1.0,0.0,0.5521201338810283,0.9044253230951631,0.689819805673291,0.7155154636835319,0.899600069043875,3.0,3.0,73.00306969273913
0.6730075429750947,0.6,1.0,1.0,1.0,0.4888887485805957,0.7543089358283966,0.5409048488018775,0.6182600445317141,0.21601547714664537,3.0,9.0,76.46299684618806
0.552434244363706,0.45454545454545453,0.46527914764015765,0.0,0.0,0.577485904483769,0.3390732110376078,0.20737561394806367,0.2501400818158608,2.1388834094393694,5.0,5.0,38.26367095001827
0.8069222090745187,0.75,1.0,1.0,0.0,0.6593075755443986,0.5797548960088795,0.620184971568767,1.0,0.7253532419005282,6.0,14.0,77.78886665894625
0.6960438207230976,0.5714285714285714,1.0,0.0,0.0,0.6856692392204412,0.8298991651069666,0.34729630521787713,0.7894553723237163,0.16313935106810984,4.0,6.0,63.90354504524173
0.5724041713792062,0.45454545454545453,0.4847674298106131,0.0,0.0,0.37687786958158087,0.5075673240189634,0.4696415364070885,0.7717565609647348,1.5456977105681606,5.0,5.0,47.35284711396433
0.8275286245032172,0.75,1.0,1.0,1.0,0.8427178971755536,0.5211684764258997,1.0,0.7973929328136232,0.05964197875985899,6.0,6.0,86.17674262655619
0.10941450180868328,0.18181818181818182,1.0,0.0,0.0,0.16747128665329233,0.0,0.25300835107047387,0.17467156816204374,0.15809399856731154,2.0,11.0,20.262604455493157
0.5833262372849641,0.6363636363636364,0.8916814300377667,1.0,1.0,0.6271433869824237,0.4854766676276798,0.5659061630400164,0.7770757328873605,0.4332742798489333,7.0,10.0,67.69835390630466
0.7633051441217923,1.0,1.0,0.0,0.0,0.7528909287620099,0.8268927741414547,0.8037053927526504,0.8845049958158195,2.653340329551879,3.0,15.0,72.48785094824044
0.8549886119644551,0.8333333333333334,0.3988393751626752,1.0,0.0,0.9992848841908025,0.5150394785710748,0.4877853153186664,0.8593452442773006,3.005803124186624,5.0,8.0,72.26264753737355
0.5996785107452034,0.2222222222222222,0.0,1.0,0.0,0.5459895862024404,0.07431096462549291,0.33363396313089,0.18708664235794917,3.0,2.0,6.0,37.677392570476684
0.27597847557476846,0.3,1.0,0.0,1.0,0.6326469477823972,0.18456549890410634,0.3994579192405904,0.007793136562015857,0.8065715688981836,3.0,3.0,38.6832991011926
0.7193400608979131,0.5,1.0,0.0,1.0,0.7159921154115513,0.46671736809077735,0.34745778072802264,0.5254911009678145,0.9922543787846116,2.0,3.0,66.73513529680082
0.4594265776768477,0.6,1.0,1.0,0.0,0.727790670632079,0.9547238081229883,0.816933476247376,0.5118066216513396,1.6084302720379466,3.0,7.0,64.426767573451
0.4487684562469869,0.5714285714285714,0.9073509944806041,1.0,0.0,0.5197471633975365,0.5733967824508821,0.52607209798329,0.5229181386249107,0.2779470165581879,4.0,15.0,58.918264337036135
0.6218857157207162,0.7,0.0,0.0,1.0,0.696308938013161,0.7198365292060414,0.8204473617869297,0.7727569891299909,1.0,7.0,9.0,49.44635650044265
0.5118152233440899,0.5,1.0,1.0,1.0,0.7015540811871152,0.6416659654838096,0.5151633404472625,0.754506626797325,0.7853677346101051,2.0,14.0,63.45747246269407
0.3629899264339749,0.5,0.986140621550668,1.0,0.0,0.5969406607253744,0.5072827472080192,0.41103010642691956,0.3302459818904043,0.08315627069599252,4.0,4.0,51.2853095486346
0.777985356819108,0.8,1.0,1.0,1.0,0.8138126039507468,0.9220275334996075,0.5399253855123529,0.7326883569741287,3.902142809311389,4.0,4.0,81.45592651466565
0.8815282909671923,1.0,1.0,1.0,1.0,0.8073355510007092,1.0,0.9179819496802123,0.8469834607280379,0.15154550014961643,4.0,13.0,94.85911493366743
0.7121992772539261,0.5714285714285714,1.0,1.0,0.0,0.6442936383646032,0.6434945132364353,0.7066797185854378,0.4053924538687731,0.6936296965658442,4.0,4.0,71.83261075721923
0.4979853604266562,0.5,1.0,0.0,1.0,0.685612846384398,1.0,0.33821027538212606,0.3810862112700455,5.750836279195884,3.0,3.0,54.76563776011402
0.4827500742033061,0.375,1.0,0.0,0.0,0.6724968832393445,0.5890026519279834,0.42174310703269924,0.3357099434369611,0.4104795465386264,3.0,8.0,46.98750411556247
0.5963487402116828,0.6,1.0,1.0,1.0,0.5472134055816965,0.4552900427527885,0.31179810595471924,0.7171743313755008,1.9123137303981812,3.0,15.0,73.438130435311
0.6025594529762157,0.2,1.0,1.0,1.0,0.43190067691670075,0.3166399935140495,0.3216128339486788,0.26408915295696767,2.092618866772707,2.0,11.0,65.09398957907332
0.0,0.0,1.0,1.0,0.0,0.091503945407574,0.0,0.01884709402779157,0.0,2.2628032874364292,0.0,4.0,26.59736198358181
0.4851666781213076,0.6,1.0,0.0,1.0,0.6678890790422071,0.7303251375307737,0.28553563305596974,0.8588320647834307,1.3789745308225045,6.0,13.0,57.28288283332427
0.633998234468349,0.6666666666666666,1.0,0.0,1.0,0.5404288695299214,0.46913293158717806,0.5673834714919119,0.8555491279620742,1.187681588821019,2.0,13.0,65.92838452815559
0.6141760162545842,0.8888888888888888,1.0,0.0,1.0,0.7967138382593948,0.7394885882337726,1.0,0.7086517587669481,1.0006685796742323,8.0,13.0,73.16318485401983
0.2690015571274659,0.0,0.8240060977662268,0.0,0.0,0.38653354188188116,0.11190336124822287,0.0,0.2448221783839121,0.3519878044675464,0.0,14.0,20.154858639019857
0.6182042689689442,0.6666666666666666,1.0,0.0,1.0,0.5794475663787979,0.8962471071143112,0.38105761416918105,0.7320543491859219,1.451037605678537,4.0,6.0,68.11415924413488
0.3877443336115704,0.3333333333333333,1.0,0.0,0.0,0.645481401120692,0.47380931610887567,0.2680440032803048,0.30204227274828405,4.857291674849184,1.0,15.0,39.864529505825224
0.6966251600212096,0.7777777777777778,1.0,1.0,1.0,0.5324546974818416,0.9815188979941171,1.0,0.8493937866736402,3.2213638179271147,7.0,7.0,81.95701810984683
0.7503779133309376,0.75,1.0,0.0,1.0,0.9243139729699492,0.8672873405774922,0.5520328215113104,0.7448458408748956,1.4078360444492732,3.0,13.0,71.78748743723686
0.39664802659627973,0.25,1.0,0.0,0.0,0.4792579156777855,0.3310492978258197,0.30896027990880903,0.3590157308962813,2.511659596211981,2.0,10.0,39.80624813205079
0.30117218747930724,0.1111111111111111,0.6872160608462319,1.0,0.0,0.11448929934442303,0.07044632174459248,0.11834090078340835,0.14857421573734456,0.9383518174613044,1.0,13.0,33.35924486923833
0.6301082100015353,0.7,1.0,1.0,0.0,0.8495742507992845,0.8963403255690234,0.5203056219415803,0.6325147895455594,0.27897569160056257,7.0,11.0,70.94234840344046
0.7435520828469737,0.8888888888888888,1.0,1.0,0.0,0.8734861600097591,1.0,0.8743382262815613,0.48372353705661214,2.6956996883681104,8.0,11.0,82.16087725761041
0.39116165215986937,0.6,1.0,1.0,0.0,0.4746373414623767,0.6386391755606404,0.4514763743391098,0.7054365081263853,3.774334386916383,3.0,11.0,59.042106602016055
0.6887198034886868,0.6666666666666666,0.8145669139523111,0.0,1.0,0.560824110407608,0.6956199791465082,0.537949612841034,0.5919356109893199,0.7417323441907557,6.0,13.0,65.1380781671227
0.39587985246638463,0.3,0.9582058452884215,1.0,0.0,0.2648579243492669,0.6364530461100026,0.0,0.4555893219290492,0.16717661884631418,3.0,12.0,49.65378822762736
0.851384208977326,0.8,1.0,1.0,0.0,1.0,0.84632407963308,0.7446240283294092,0.8963350124551441,5.1627515877570715,4.0,4.0,84.70095077208228
0.745926417077097,0.75,1.0,1.0,0.0,0.6123610627852725,0.8136234566658744,0.8978005714569611,0.6804671577687982,0.9925224995379445,3.0,13.0,80.07234224032744
0.8494988775972677,0.8181818181818182,1.0,0.0,1.0,0.635189322024114,0.9553424815773394,0.780815488633349,1.0,4.446723945400757,9.0,9.0,81.45562896563926
0.178679544754211,0.0,1.0,1.0,0.0,0.31255609006141294,0.03239487392825235,0.18991170738093457,0.0409683323673142,1.213714634551585,0.0,7.0,33.81604841237341
0.6304336030575088,0.75,1.0,0.0,1.0,0.47464790536454515,0.6523387419062429,0.8276720381079038,0.7827285694756174,1.2923605646508705,6.0,9.0,69.40529630255386
0.3509049815051109,0.4,1.0,1.0,1.0,0.34012143386395316,0.518033803594234,0.3369009126073516,0.37237786264737155,0.18901822468020502,2.0,15.0,58.12394790952187
0.7153770549284809,1.0,1.0,1.0,0.0,0.8913159780170726,1.0,0.8118563783384999,1.0,2.6851102830204576,4.0,14.0,88.40366714552303
0.8946970953854755,0.8888888888888888,1.0,1.0,1.0,0.8805411865240118,1.0,0.73191087150938,0.7462355430697571,3.5155551006079993,8.0,13.0,94.68999943396189
0.8534988693506995,0.75,0.7883325899530443,1.0,1.0,0.725210096039089,0.9419207390526277,0.3764876957338333,0.685465092508189,1.2700044602817337,3.0,9.0,82.99745231753411
0.4955573379567981,0.6666666666666666,1.0,0.0,0.0,0.5918642694989914,0.6094798551069264,0.5579093108450349,0.4191996376506673,0.09509889555912654,6.0,13.0,51.8917947602826
0.3561177909130371,0.2222222222222222,1.0,0.0,1.0,0.36271209784242187,0.4034530616764898,0.204341949106336,0.36756843768712344,2.6301570487484405,2.0,8.0,41.53230360252342
0.7908565193571262,1.0,1.0,1.0,0.0,0.7984456965864222,1.0,1.0,0.8835701987284653,0.5409027244313442,3.0,11.0,85.73783146054204
0.49527267701717376,0.25,0.9688715104889299,1.0,0.0,0.39395533875056993,0.5356967343501923,0.3162304711213529,0.15599288365473565,0.18677093706642012,1.0,11.0,54.30598572589712
0.3888227683756209,0.6,1.0,0.0,0.0,0.45534152742573814,0.5555982416907729,0.3597321243696451,0.4966126735685638,2.8190843077388035,6.0,6.0,46.002811173346174
0.46478284735944453,0.7142857142857143,1.0,0.0,0.0,0.5144423333777267,0.7982474209904287,0.347624693671577,0.7268300974981918,3.006906409425021,5.0,6.0,56.74915390409614
0.6087551372646883,0.5,0.9503579093278613,1.0,1.0,0.5118365095464192,0.5321631431633513,0.40455854081499404,0.2498480830681708,0.0992841813442773,2.0,3.0,65.20063562311294
0.2479335535480309,0.36363636363636365,1.0,0.0,0.0,0.5277485095756826,0.4241626597868575,0.49222454193846843,0.0,1.2247330559758913,4.0,4.0,32.522506066765374
0.44638431126333555,0.4,0.4610168027305113,1.0,0.0,0.5932870271100674,0.29066418917928916,0.30146440592723467,0.49154080747855444,1.616949591808466,2.0,8.0,45.84118825427566
0.6527843503603942,0.6666666666666666,0.7522595447606505,1.0,1.0,0.5485360321219301,0.8203307668910385,0.7359031851678977,0.24395512542592457,0.990961820957398,2.0,9.0,70.84075606157856
0.5771526436647013,0.45454545454545453,1.0,0.0,0.0,0.4300277981803707,0.579779024198364,0.3646978557099731,0.6253730113409304,1.0483304642667601,5.0,5.0,49.904281840332146
0.44966049520140683,0.3333333333333333,1.0,0.0,1.0,0.46680735899829245,0.6146735843792565,0.4410734289707651,0.6450388832403628,0.862813575159687,1.0,8.0,49.065612540002554
0.6132520508571535,0.7142857142857143,0.43312390826936553,0.0,0.0,0.9131693632518931,0.7624810609280938,0.31288894929046884,0.6814409534987076,1.133752183461269,5.0,10.0,49.90363734539236
0.5377121395296138,0.2727272727272727,0.7893507168496164,1.0,0.0,0.3868276565265587,0.24859616124260842,0.5756473391594148,0.5326258620713706,0.6319478494511506,3.0,6.0,52.858734998776725
0.5217247111638909,0.375,0.7339822520177762,1.0,1.0,0.5091791932592661,0.5670729880299267,0.08025364139078361,0.37014871609135613,1.330088739911119,3.0,7.0,56.95420394669846
0.47235800536582484,0.5,1.0,0.0,0.0,0.5482075520607407,0.40704321131205684,0.624621112540551,0.8198482318155741,1.7101197138264213,4.0,7.0,48.364827355945934
0.4711934142685353,0.3333333333333333,0.37294432132324007,1.0,0.0,0.48233330886875625,0.5786305496484458,0.2234528545061632,0.24208976291069115,3.1352783933837998,2.0,9.0,45.14652745839619
0.47098028271874315,0.25,0.5922818469598693,1.0,1.0,0.4194559423170958,0.4949115595344665,0.17451786191928187,0.0,1.2231544591203922,1.0,7.0,52.75003353804879
0.7561884689741658,0.5,0.6342646130419197,1.0,1.0,0.8038944077022012,0.7763102022041936,0.3969575806865674,0.4840176511786996,2.925883095664642,4.0,12.0,73.74345794101109
0.6216315674677168,0.45454545454545453,1.0,1.0,1.0,0.6479056037500507,0.5723375917877633,0.460778463256783,0.7961380932276023,1.6380412077159612,5.0,7.0,70.08800644975027
0.7790801560478066,0.6666666666666666,0.0,1.0,0.0,0.8187493757375887,0.6290973177990687,0.7173220661884635,0.7736603278547503,1.0,2.0,8.0,61.792399256056875
0.4767271124440444,0.5,1.0,1.0,0.0,0.6102527945597797,0.5696537907349652,0.682839532601075,0.3969353542924312,0.8634583970710805,5.0,7.0,59.39336872323302
0.6537647179160664,0.8333333333333334,1.0,0.0,1.0,0.8098012550122816,0.9517457344475905,1.0,0.8991135671902797,4.079048031494847,5.0,5.0,73.336708430046
0.4860401151481554,0.42857142857142855,1.0,1.0,1.0,0.7159896089164146,0.3777459324376109,0.45157216886230306,0.6227963962619392,4.146867962541805,3.0,11.0,63.28251085982191
0.5327712824034203,0.5,0.4376369723284716,1.0,1.0,0.7244723530961392,0.7899609320065388,0.827008332617027,0.4828767122171058,2.811815138357642,2.0,6.0,62.9236843295587
0.4290370050636532,0.5,1.0,1.0,0.0,0.7970431274301537,0.6544151501623378,0.47045395942094514,1.0,1.3968192032619111,4.0,6.0,55.067508573309794
0.5769120351868182,0.25,0.41102870361954535,1.0,1.0,0.6681913696029311,0.13939986804203913,0.4370368796956433,0.14651640869610255,1.1779425927609093,1.0,13.0,51.074059271030826
0.806002196531055,0.8,0.7733897040827834,1.0,1.0,0.682367375255674,1.0,0.8443183280393525,1.0,1.5862720714205159,4.0,15.0,85.05226814485731
0.3188742121993747,0.1111111111111111,1.0,0.0,0.0,0.4729486182841958,0.17864118064174295,0.0,0.26349855840747105,0.573060091219852,1.0,11.0,31.344825815136648
0.8770052778816625,1.0,1.0,1.0,1.0,0.9299045965248995,0.8530614522870025,0.9898715139635657,0.8600345150603885,3.25658231386625,3.0,14.0,92.15685588452077
0.46960504241760337,0.2857142857142857,1.0,1.0,0.0,0.7131862291443556,0.18626854361977638,0.3464120987662932,0.20082623224475113,1.999317748440716,2.0,14.0,49.271985531396155
0.5738793577117649,0.375,0.7899060476780795,1.0,1.0,0.4359366889691395,0.692801047489762,0.3179164110914264,0.5786197294958729,0.6302818569657616,3.0,9.0,64.49140380541435
0.26368314517692437,0.25,1.0,1.0,1.0,0.44811154509676837,0.6284972849190279,0.2908284339594624,0.27895757752084827,2.2100679948200046,1.0,13.0,48.60636098779938
0.7825206712163079,1.0,0.0,1.0,1.0,0.7204058606753037,1.0,1.0,1.0,2.0,5.0,7.0,72.79102586564112
0.6263687099846379,0.6666666666666666,0.7647028010445064,1.0,0.0,0.7100379986517699,0.954142223412351,0.6115245754275702,0.33947319592579517,0.705891596866481,4.0,8.0,68.85600070360229
0.4373370519533981,0.125,0.8940271138246874,0.0,0.0,0.40228207362706286,0.39399078258375,0.0,0.25619973103242033,0.8477830894025011,1.0,9.0,36.80420796138195
0.4064056696763258,0.36363636363636365,1.0,0.0,0.0,0.5313278987663441,0.5138812711338956,0.6828557969649052,0.42109573245287724,0.9566413834778622,4.0,15.0,43.75737107633379
0.45000831311011247,0.9,1.0,1.0,1.0,0.4582631585697797,1.0,0.7845298853515277,0.8872179954717693,0.39434407268000093,9.0,14.0,73.29925498588057
0.4201960338780496,0.5,1.0,0.0,1.0,0.60927539303183,0.6471753750057894,0.2688783514168945,0.5721783726118153,0.5170578127602301,2.0,9.0,51.76782714288426
0.7926742417146911,1.0,1.0,0.0,1.0,0.831430550593943,1.0,0.70269573495638,0.91815645857515,0.4505609397877226,3.0,11.0,83.0825449916455
0.6409994403937331,0.6666666666666666,1.0,1.0,0.0,0.6733795606564752,0.5831790254919149,0.5426485681532648,0.5482861658899718,0.8448144819781742,2.0,5.0,66.38432554072438
0.6895497747149981,0.375,1.0,1.0,0.0,0.8380747946034287,0.5567525712761798,0.20119547711026395,0.326622893672178,1.8802619339164472,3.0,13.0,60.99463083017679
0.8699295728789719,1.0,1.0,0.0,0.0,0.7955703000033986,1.0,0.787857917945368,0.9071593643363405,1.0986620522047659,4.0,10.0,77.71954475184285
0.40978363350777874,0.2,1.0,1.0,0.0,0.4754744860511383,0.21285296290077443,0.0,0.6361059122086401,0.2312963667908834,1.0,9.0,47.674534605645896
0.5961130467862275,0.6,1.0,1.0,1.0,0.630283354938513,0.5936153986420766,0.6665434212931609,0.7823741457687179,1.6034965596095638,6.0,12.0,71.38439362430884
0.7325020058603631,0.6,1.0,1.0,0.0,0.7033906018660514,0.7357783356629599,0.9966799570206823,0.4063062152056598,2.452247087305528,6.0,11.0,75.06725736453672
0.3791867457411074,0.3,0.8439741092773707,1.0,1.0,0.7122505041406317,0.23306164092653547,0.43052575156327827,0.7072592004521685,0.3120517814452586,3.0,3.0,54.87615321792839
0.38316594547112814,0.2,1.0,0.0,0.0,0.43008152655165754,0.012972649007048892,0.39697160064600545,0.11342867771273746,0.6811945386546485,1.0,6.0,36.3668107704588
0.48178902558340386,0.625,1.0,1.0,0.0,0.5049814855739402,0.881589427218932,0.4919697930817174,0.6308910734928569,3.1238131260931725,5.0,5.0,65.0380643731739
0.5327687258434365,0.125,0.5314928818217622,1.0,1.0,0.695504262083213,0.09382877319578208,0.09802638042112714,0.304483438986264,1.4055213545347132,1.0,12.0,48.69953125032606
0.47209987244019364,0.25,1.0,1.0,1.0,0.43802229074541166,0.30332074416963767,0.2938261289306631,0.0,4.409404392511887,1.0,3.0,56.30109318707856
0.5722400616223836,0.7142857142857143,0.6869483417534749,1.0,0.0,0.4434580786364146,0.6544632069042625,0.5191829776843049,0.6668805448975205,1.878309949479151,5.0,5.0,61.056050534651625
0.5719796844760887,0.5714285714285714,1.0,0.0,0.0,0.5113467560999208,0.8512444381129112,0.4277679559077656,0.4567618012351379,0.10927077759052661,4.0,10.0,53.704825053167845
0.6944914249180869,0.6666666666666666,0.724905001561994,0.0,1.0,0.5295973085946631,0.8702383751577892,0.8046680974999435,0.7076826825754936,1.100379993752024,4.0,12.0,62.46528993298263
0.5476915082511047,0.5555555555555556,1.0,0.0,0.0,0.36935421164415183,0.5622224381478895,0.7454199616775795,0.6295654922086441,5.1758539937387535,5.0,9.0,54.02826491142261
0.4025301920611546,0.3333333333333333,0.9586599884611392,1.0,0.0,0.42091011923667676,0.17095180767603796,0.29816359262669007,0.31788146026686304,0.2067000576943041,3.0,14.0,49.99734297533266
0.6500585862533088,0.8571428571428571,0.9663862811571557,1.0,1.0,0.6983861622668914,0.844695492268381,0.5442082773715373,0.8324133975070596,0.20168231305706552,6.0,14.0,77.26339912925472
0.45178653902004484,0.2222222222222222,1.0,1.0,0.0,0.6005228479300445,0.37484970821317065,0.10719198591433743,0.4352484967493112,0.05850252012016188,2.0,4.0,50.72741759175774
0.7570334864947178,1.0,1.0,1.0,0.0,0.8661932623700708,1.0,0.6329071504087083,1.0,0.9912056157879006,9.0,15.0,82.42962825449443
0.5580490718284705,0.625,1.0,0.0,1.0,0.6774321992982517,0.6946376480013576,0.59154453016364,0.6332850020103886,0.14311644219097797,5.0,10.0,59.19795602058359
0.4396725893933513,0.6,1.0,1.0,0.0,0.44066746460328177,0.6881057767045661,0.6061886844797121,0.6295741182920278,0.534226390755201,3.0,11.0,59.85444791615865
0.5315390914054825,0.4444444444444444,0.0,1.0,1.0,0.656495693679272,0.6310277661141132,0.33488815181613363,0.8116222439504881,4.0,4.0,4.0,48.692547322338044
0.3893642984560821,0.2222222222222222,1.0,1.0,0.0,0.5977174302286408,0.26468756549051425,0.22539869114652722,0.2567570176190434,0.9143196720036544,2.0,11.0,48.74548255473654
0.48867492543569147,0.45454545454545453,1.0,0.0,1.0,0.5808885870679641,0.585547875628165,0.49626372714389916,0.3516557535523135,0.8356132429732899,5.0,12.0,53.42173933891604
0.8238524812986463,1.0,1.0,1.0,1.0,0.8714357209401418,0.8723545426058823,1.0,0.6182001822777882,2.877137594824787,4.0,10.0,93.18270044350602
0.6397602715283078,0.5,1.0,0.0,0.0,0.4611290462237412,1.0,0.18566333569467547,0.21321252519300926,3.4181218965588043,3.0,4.0,55.68683321438982
0.7023696748146744,0.6363636363636364,1.0,0.0,1.0,0.8016895596701519,0.6352689588867105,0.5306454847508435,0.5429584573476841,0.42458387721640456,7.0,9.0,65.8648857594738
0.7948988486794001,0.8571428571428571,1.0,0.0,1.0,0.9856898620428147,0.943789598561973,0.897308312361436,0.8354674883520276,2.4324581633479108,6.0,15.0,81.76738427825828
0.5438468392909862,0.5454545454545454,0.8246078048887984,1.0,0.0,0.6198490019302006,0.6974183399160634,0.8427711351418654,0.43433025353249766,1.403137560889613,6.0,12.0,58.67002622277256
0.5652935330203843,0.6666666666666666,1.0,1.0,0.0,0.5497258831217414,0.6427243744345693,0.5568430016141532,0.7368954620758285,2.334684685392209,2.0,4.0,69.87197894215505
0.5080634563746409,0.6666666666666666,0.9310096803461694,1.0,1.0,0.5758558393167139,0.7180751296315699,0.7378515107652508,0.5529650577650049,0.34495159826915334,2.0,15.0,72.83992516478676
0.5288212191194301,0.6,0.6076512659349727,0.0,0.0,0.537519062802233,0.6492215494382195,0.7431934206232411,0.41710214597291395,1.5693949362601094,6.0,15.0,50.109145047331445
0.6356913447497217,0.6666666666666666,1.0,0.0,1.0,0.6094738134248061,0.5521398100034588,0.5734085730247035,0.7891954337381493,0.42882264359189914,4.0,5.0,64.15936182114785
0.49135995111598774,0.5714285714285714,1.0,1.0,1.0,0.6417270885026245,0.7003746680257064,0.7740782758757863,0.8453074708041741,3.6009448943955586,4.0,13.0,71.45149672605466
0.4781935233607598,0.3333333333333333,1.0,1.0,1.0,0.5320561122461163,0.08647340244676177,0.5478115762481306,0.11189981378402375,1.1620110734616933,2.0,8.0,57.450486249863324
0.600811865317243,0.8333333333333334,1.0,1.0,1.0,0.799171065442657,1.0,1.0,0.8820765060748957,3.79297629535676,5.0,10.0,79.05172312008474
0.4643173369555209,0.7272727272727273,0.8837557620613987,0.0,0.0,0.6352692888215526,0.920007486568838,0.7781278044495443,0.34627179564196364,0.6974654276316077,8.0,8.0,53.22491220368978
0.7316620678371087,0.6666666666666666,1.0,1.0,0.0,0.5922240403159836,0.8317086910442744,1.0,0.3717590405212347,2.8957022090959796,2.0,13.0,74.36149010484446
0.40973691522276534,0.3333333333333333,0.9159466542543515,1.0,1.0,0.4076319023216509,0.0707377530953498,0.14797104852517826,0.21558016773789873,0.5043200744738909,3.0,15.0,51.13085908608147
0.4268286888858603,0.45454545454545453,1.0,0.0,1.0,0.4381683449004579,0.36189029335271083,0.8718425235048213,0.6815275410208932,1.2506573429784065,5.0,13.0,54.17210643388124
0.41873834304430746,0.5,1.0,1.0,0.0,0.4910558451757241,0.8000821217449097,0.6190258875048552,0.344258794058905,1.2333656573188296,4.0,15.0,56.74864287588565
0.6007643169676481,0.5,1.0,1.0,1.0,0.8107095856051922,1.0,0.7448852132658781,0.33677990504689015,2.1229834678483455,3.0,15.0,71.87949415075461
0.7149889253761561,0.5,1.0,1.0,0.0,0.8813329674169856,0.7650446437102656,0.37959169400082354,0.5072174563788899,1.301481239822655,2.0,4.0,66.69044644956023
0.41829780334592936,0.3333333333333333,0.8643261848712731,1.0,0.0,0.5719594888925918,0.5699831471785045,0.4691177679853611,0.34075005556330346,0.6783690756436345,3.0,6.0,51.36386208804654
0.7027038236119187,0.8571428571428571,1.0,0.0,1.0,0.7447540905311119,1.0,1.0,0.7001165625919231,2.5606139041851277,6.0,12.0,72.33939112407228
0.8035958207866887,0.75,1.0,1.0,0.0,0.5857198530134826,0.6474505047721694,0.4607810983807481,1.0,4.2633131886507885,3.0,10.0,76.40245700462016
0.3327465154770026,0.5,0.8774643851625878,1.0,1.0,0.5011369286522612,0.7291313349760595,0.4140682180006078,0.44692732537692537,0.36760684451223646,3.0,3.0,57.03496655596273
0.7178424189677018,0.36363636363636365,0.42590716942198714,1.0,1.0,0.5191373038721103,0.21541904295891642,0.0,0.3863533601199796,2.8704641528900643,4.0,4.0,61.33877803816156
0.8932920362791643,0.6,1.0,1.0,0.0,0.9476440439135344,0.43209467027482634,0.5107667450931855,0.5196440924579115,1.7986391367075774,3.0,9.0,78.3445705982157
0.22523949646959013,0.5,1.0,0.0,1.0,0.23362509063645687,0.3207647214210718,0.270478197438781,0.5879943124302359,0.13763921189570194,2.0,11.0,43.6190674553313
0.5660773903077669,0.5555555555555556,1.0,1.0,1.0,0.6397618345269981,0.7811856319258423,0.45764666420287387,0.8025470674963789,0.5377942880894073,5.0,5.0,70.37833465069437
0.21372635617565236,0.0,1.0,0.0,0.0,0.19126813496099931,0.03966547011304966,0.593201538673025,0.3327327393909145,1.9123555114620245,0.0,5.0,25.521171162091207
0.45004556930961376,0.36363636363636365,0.887215140348803,1.0,0.0,0.4922877748404005,0.43179082161915217,0.6915531351317473,0.2111832285835876,0.112784859651197,4.0,4.0,54.82103839799052
0.5497937916460892,0.6,1.0,1.0,0.0,0.677335389078067,0.6472272913308768,0.2333215419258609,0.8201590352602425,0.2622960573126569,6.0,10.0,63.441816494154416
0.44286563727206846,0.09090909090909091,1.0,1.0,1.0,0.5446530521535552,0.0,0.16317151726096002,0.20084525481929452,0.5997609661268273,1.0,3.0,52.092880679381416
0.6046734293456593,0.6363636363636364,1.0,1.0,0.0,0.6239111281846661,0.5656320732805036,0.7621284755166688,0.8312709582556519,3.739507875970032,7.0,10.0,71.16319148843107
0.3906911342960052,0.4,1.0,0.0,0.0,0.5671569964549859,0.3383232828743786,0.27566264092499027,0.3816241454614405,0.8601392082271628,2.0,9.0,40.2267244339584
0.6543377806445851,0.75,0.44288427945669323,1.0,0.0,0.602455589456611,0.5470511394994351,0.7392276726948809,0.7125918453435639,1.6713471616299203,3.0,9.0,62.80600683263632
0.6117741084354892,0.5,0.20412151885888485,1.0,0.0,0.6297629549687566,0.45924218284593676,0.5107160856312996,0.6871429291427987,1.5917569622822303,3.0,11.0,51.64404113688282
0.5865248692395947,0.8571428571428571,1.0,1.0,1.0,0.7984867951760757,0.7125076949915341,0.5108883551132478,1.0,1.0784598433192025,6.0,9.0,74.76513020123151
0.15245195732360234,0.1,0.6352859996545106,1.0,0.0,0.33345531817241963,0.25398161319605866,0.0,0.4131441127723773,1.4588560013819576,1.0,12.0,28.78475911601908
0.8724624694335716,0.6666666666666666,0.6125655043586131,1.0,1.0,0.6957535343469772,0.835641458180695,0.6545719447236845,0.7063761777567645,2.3246069738483213,6.0,12.0,82.57788963108247
0.5354087984349877,0.625,1.0,0.0,1.0,0.5636988751881326,0.44214495792481984,0.5968685561559888,0.6036170744730486,2.0710719818680214,5.0,14.0,57.03376545976698
0.48351764156965726,0.4,1.0,1.0,0.0,0.6394616662120984,0.3966062824353599,0.19411620260820084,0.0,2.1689968057372893,4.0,13.0,57.55647790009558
0.5647645513009313,0.625,1.0,0.0,0.0,0.4793726940540402,1.0,0.4002372492321542,0.3027478924009331,0.06372693221229353,5.0,9.0,56.02990066862944
0.615770524489857,0.5,1.0,0.0,1.0,0.48877891993954137,0.37346267841790726,0.43024856507233467,0.4211496789633214,1.3873185823034184,3.0,9.0,62.85925069903297
0.929401457437592,0.8333333333333334,1.0,1.0,1.0,0.8987546403576581,0.9601281405364452,0.9782865429896535,0.6131215470840903,1.1762432883910012,5.0,6.0,91.44084225935886
0.7267349181503713,0.7142857142857143,1.0,1.0,1.0,0.6529049103940799,0.7832796624062335,0.6474588446774029,0.8771118273723636,2.0048387719381715,5.0,10.0,80.68014561289291
0.11779618229520106,0.0,1.0,0.0,0.0,0.07864129847087778,0.2467197604113633,0.3070007827398428,0.0,2.0094998078795996,0.0,4.0,20.046082311699593
0.3561274109811986,0.4444444444444444,0.11768456498910958,0.0,0.0,0.6334666860976798,0.5476284758887775,0.241363923958681,0.3441835787743868,4.411577175054452,4.0,15.0,27.674453564670536
0.5646242269607701,0.625,1.0,0.0,0.0,0.47837886758675763,0.5973668139737249,0.6174841563200617,0.5325947013723022,0.3190020830352118,5.0,13.0,58.66580335372101
0.49003423827823017,0.4444444444444444,1.0,1.0,0.0,0.5076949167379581,0.5064619863095637,0.3164994500415631,0.6853930611243336,1.8358083763562663,4.0,4.0,59.29192619421723
0.37908013336869356,0.5714285714285714,0.9895434089609856,1.0,1.0,0.43910072563060315,0.6360751613402439,0.6507799796394557,0.44978082162464256,0.020913182078028836,4.0,13.0,64.52484084495772
0.5983209104209328,0.4,1.0,1.0,0.0,0.5335223914245933,0.43349486718909175,0.17805066591045685,0.49048242360959765,0.8724052785196532,4.0,4.0,57.98424899575327
0.5787324421451316,0.8181818181818182,1.0,1.0,0.0,0.558820718592603,0.6307417562234952,1.0,0.8573230436863616,2.301399963356155,9.0,12.0,73.69094582424766
0.7291961874550907,0.5,1.0,1.0,1.0,0.7388517928780063,0.7737559493676206,0.07806527132327867,0.6806576970894559,0.961850466504325,4.0,4.0,72.68925181974954
0.6018092449980198,0.16666666666666666,1.0,1.0,1.0,0.525779649832605,0.4086247124822451,0.4940723193963208,0.3367096770899627,3.8158388344697336,1.0,9.0,58.92982598196855
0.4368762427508054,0.3333333333333333,1.0,1.0,1.0,0.5979660739965027,0.19537930849675897,0.30313079653727654,0.3266453107594245,3.0539725045622426,1.0,11.0,57.15882820802048
0.4526767168501822,0.2,1.0,0.0,0.0,0.3806043371975753,0.1958693862069244,0.2715334079843209,0.0,0.5628716940571321,2.0,12.0,39.3580924958177
0.42489360607716853,0.5454545454545454,1.0,0.0,0.0,0.7835283714922675,0.5549391249707866,0.7890500241347761,0.49910636812541953,0.40390765855044286,6.0,8.0,49.151585158285044
0.8192856036219383,0.8888888888888888,1.0,0.0,0.0,0.5623428895916212,0.730715504798964,1.0,0.8848977599824582,0.0,8.0,14.0,75.40769179187038
0.39021690918787555,0.3,1.0,1.0,0.0,0.26038142018386873,0.01397667180279194,0.08939408468552648,0.3572018466305556,0.14699560621894836,3.0,13.0,49.40827830911403
0.41953176140939763,0.5,0.364487404859649,0.0,0.0,0.7241594743602003,0.4292933226557795,0.5820197021577724,0.352488970955838,1.906537785421053,5.0,5.0,39.785543869321934
0.4152798014096418,0.3,1.0,0.0,0.0,0.518760910727905,0.28584757875478545,0.6608442739796156,0.5281802236817226,1.2424590840012453,3.0,11.0,39.69863722285023
0.45839595327707067,0.42857142857142855,1.0,1.0,0.0,0.554387366084268,0.21914942856590514,0.1833672518960476,0.4312953122344271,1.105741422240003,3.0,12.0,57.41973871639838
0.5943142049728828,0.6666666666666666,1.0,1.0,1.0,0.6858610957826253,0.7485226642020528,1.0,0.48256719710424145,2.1917115120535557,2.0,7.0,78.57827222685854
0.7472949216712964,0.6666666666666666,1.0,0.0,0.0,0.7714942538368039,0.9259808012636078,0.7015212135797507,0.5750210989183306,3.593340943896383,2.0,12.0,65.37718001217509
0.45576308888371214,0.5,1.0,1.0,1.0,0.5660655164497446,0.7015809063097482,0.3546898901775434,0.8857085307933661,0.7474611406560632,2.0,14.0,61.23693145287024
0.6748694266395318,0.3333333333333333,1.0,0.0,1.0,0.47111603632610993,0.360529915764764,0.08680966871951737,0.466208911922633,5.360832623846392,2.0,13.0,53.889942314937336
0.3632150662831797,0.4444444444444444,1.0,0.0,0.0,0.572740799547277,0.163170339070629,0.345321288074624,0.6541357555573252,1.2649028904398083,4.0,12.0,40.65387584904031
0.92242306135286,0.8571428571428571,0.3931890708555781,0.0,0.0,0.9086574772790892,1.0,0.3769816243073481,0.6488254632001742,1.8204327874332658,6.0,11.0,71.39449463974248
0.6780187253711968,1.0,1.0,0.0,1.0,0.9265201640258182,1.0,0.8586462168070668,0.8622340615632398,0.0,3.0,6.0,76.45531578880193
0.5498784120956062,0.5,1.0,0.0,0.0,0.7841542146711626,0.6263831996592437,0.3921560063517654,0.363715538823751,0.05450659938435587,2.0,13.0,50.79658334531965
0.5593582845644558,0.6363636363636364,1.0,1.0,0.0,0.6504592667021057,1.0,0.34999263355890403,0.6732423838813607,1.9842543023067574,7.0,7.0,66.1272622615758
0.5314798321427302,0.5454545454545454,0.0,1.0,0.0,0.428223678712003,0.4469884521390278,0.6599804883335045,0.5106541792374336,1.0,6.0,9.0,44.75903162895905
0.8961628683626659,1.0,1.0,1.0,1.0,1.0,0.5325331320380323,0.9018714166863349,0.9021011177485958,0.204048234381208,6.0,7.0,94.76814893961378
0.8299792156674572,0.7,1.0,1.0,0.0,0.6263126548500029,0.5603781759942437,0.5101252001848259,0.6271860814993091,0.47791943840782647,7.0,7.0,77.60166978078443
0.4984185201502326,0.1111111111111111,0.9518791923444564,1.0,0.0,0.49262181508606817,0.24859922339931892,0.0,0.0,0.09624161531108721,1.0,5.0,51.879806049919836
0.6150536037553418,0.7272727272727273,1.0,0.0,1.0,0.6277842323375831,0.7821193895873746,0.7553963714022136,0.6913048698924452,2.4228307633594373,8.0,15.0,67.96341329044952
0.5221106266885464,0.4,1.0,1.0,1.0,0.4832747399876708,0.2311854966722373,0.36610866630273875,0.6226431167667495,2.0826427769307116,4.0,4.0,64.0438374154593
0.4561506551597966,0.5,1.0,0.0,0.0,0.6219838094056905,0.2944508710282425,0.2957854806207329,0.1973721296900492,3.1331342702079175,4.0,4.0,45.51617160129001
0.3476806291577033,0.3333333333333333,1.0,1.0,1.0,0.46912476836645567,0.31950371048620213,0.310977097622231,0.4026292200603793,0.13794963777760127,2.0,15.0,51.727539442046286
0.5374438913125598,0.75,1.0,0.0,0.0,0.6909387300428277,0.575702959421275,0.6888512893354234,1.0,3.2050551352958037,6.0,10.0,56.69566235695669
0.6474912031619044,0.8,0.03600291402295419,1.0,0.0,0.5934886866032527,0.9437140152858146,0.49931787090726126,0.7633625802868866,1.9279941719540916,4.0,8.0,57.444446798766954
0.8299526757217931,1.0,0.3410771326734286,1.0,1.0,0.8025897082298475,0.9759431600472716,0.8865289674284027,0.8942247941708208,1.9767686019797142,6.0,12.0,84.46280574947257
0.3205821808298195,0.5,0.6744793255635146,0.0,1.0,0.37691778379253477,0.4371187808202919,0.5774544194925953,0.6848462971901178,1.6276033721824268,4.0,7.0,42.4582964991132
0.5444375556903082,0.5,1.0,1.0,1.0,0.5461083095033429,0.41351024747385884,0.5758704171772318,0.30315562462623125,0.8184233852641789,4.0,4.0,68.08397704494992
0.856923014945943,0.75,1.0,1.0,0.0,0.7588638897415853,0.847362090784507,0.6494078468712534,0.7454616940122538,3.2047562331555115,6.0,12.0,82.22470678501365
0.8512959949555616,0.8333333333333334,0.9494644798400924,1.0,0.0,1.0,0.8910029936101398,0.9322233481862482,0.6253645132561879,0.4042841612792607,5.0,5.0,82.87725099007145
0.3964445774834668,0.3333333333333333,0.9488710633570419,1.0,0.0,0.43060677146464454,0.41968564190860025,0.06774312399671656,0.0,0.15338680992887443,2.0,10.0,46.71996762795701
0.465708584219399,0.6666666666666666,1.0,1.0,1.0,0.32116373062171877,0.7490899665517127,0.4078893422641349,0.6362698137077076,0.36796408938132474,2.0,15.0,68.80659965500104
0.4801796367757792,0.25,1.0,1.0,1.0,0.645991821027595,0.2870048034125928,0.14472390807539026,0.0,1.9456562467753091,2.0,15.0,55.639115179426724
0.3344086099751,0.625,0.9778213418986932,0.0,0.0,0.5606449993719178,0.4890364949775437,0.9044645499391698,0.6226658973341663,0.15525060670914748,5.0,7.0,48.7519403027688
0.7059457666331941,0.5454545454545454,0.9466332168333995,1.0,0.0,0.638317979202167,0.4639861226429182,0.5313699032929506,0.7684604703306867,0.2668339158330024,6.0,13.0,67.36655973892327
0.7029409336254396,0.8571428571428571,0.7636511841605774,1.0,0.0,0.6781432903938307,0.8361013742178485,0.7465623790163872,1.0,1.8907905267153806,6.0,10.0,76.36767180541587
1.0,1.0,0.8282788888228789,1.0,0.0,0.7863689212731737,1.0,1.0,1.0,0.34344222235424215,7.0,9.0,95.70588016478828
0.5927641417308241,1.0,1.0,1.0,1.0,0.94930963542925,0.8072094623249739,0.8868735442552216,1.0,3.1549235058706655,3.0,4.0,82.95234544294294
0.91017754702494,1.0,1.0,1.0,1.0,0.8658012828004275,0.9745842294029597,1.0,1.0,0.9818520169569531,4.0,7.0,97.85060593349617
0.28793893958229616,0.0,0.8300727448760424,0.0,0.0,0.12104238559425634,0.06768807081988798,0.0,0.0,0.6797090204958303,0.0,11.0,25.450869602887078
0.5936072695566836,0.6666666666666666,1.0,0.0,1.0,0.6731187419614033,0.662066771077618,0.3940863462313804,0.28171139588048766,3.272287945457869,4.0,15.0,65.92982277047894
0.3856187841745427,0.5,0.9536966244849532,1.0,1.0,0.6432690571227251,0.7433145174587927,0.41340036553258735,0.8252984654164238,0.37042700412037455,3.0,3.0,62.08069219236825
0.5381564154720726,0.3333333333333333,1.0,0.0,1.0,0.5442758804981858,0.32780370584281737,0.22853479594918957,0.12351289547710875,3.6399111589649316,2.0,12.0,52.16448969703645
0.49224759728433404,0.2222222222222222,1.0,1.0,0.0,0.36887575767006825,0.23000477037511252,0.0,0.4987764045057761,3.6072139558002014,2.0,14.0,51.209372939672996
0.8892153362359068,0.75,1.0,1.0,1.0,0.6687179869831992,0.9466331324509372,1.0,0.8573615258524502,0.9120232527493375,3.0,15.0,88.46772509203035
0.9209660315432711,1.0,0.6861287064652322,1.0,0.0,0.7543564428681637,1.0,1.0,0.8047974429505282,2.197099054743375,5.0,8.0,84.32381537324804
0.7287325605253119,1.0,1.0,1.0,0.0,0.9605286118820244,1.0,1.0,1.0,5.379001230691511,4.0,4.0,86.68315055228582
0.27953648996589825,0.2,1.0,1.0,0.0,0.36719173385623527,0.22540230086035415,0.048386561229877334,0.6265822122570659,1.5745521125290924,1.0,6.0,40.69007646845638
0.469114361310647,0.6666666666666666,1.0,0.0,0.0,0.3763211994950222,0.707754108554834,0.4895794020227381,0.9737971828394208,0.1522259505588197,6.0,14.0,55.54473989984731
0.9767869214767364,1.0,1.0,1.0,1.0,0.9356501857658671,1.0,1.0,0.8974573887731102,2.712255829550111,3.0,14.0,99.6984248973832
0.6232857525533227,0.8333333333333334,1.0,1.0,0.0,0.7057363362511548,0.9097932268565988,0.41464814336358596,0.690937181696397,2.204605574042695,5.0,11.0,75.6084523863576
0.8109609176098902,0.6666666666666666,1.0,1.0,1.0,0.6777316235651175,0.5641440060840599,0.3652364826527856,0.686708274129881,3.4218766997728807,2.0,4.0,80.03219201920093
0.5448268267216299,0.36363636363636365,0.8251014742134025,0.0,0.0,0.413632352203167,0.5822232474303426,0.2592284924027016,0.3305336178423963,0.5246955773597923,4.0,4.0,44.21073157587169
0.8395883457912753,1.0,1.0,0.0,0.0,0.7001473676333289,1.0,1.0,1.0,1.4369468255487847,9.0,9.0,79.34027750785054
0.5631758024927642,0.6,0.6070648848775315,0.0,1.0,0.7338251689777044,0.6419258860132435,0.4676062659467157,0.7479178272843608,1.571740460489874,3.0,10.0,54.1566059089336
0.6292807495602701,0.5,1.0,1.0,1.0,0.6378778799987334,0.3211938322193669,0.5415533426003232,0.1615516796943155,2.132668791482468,2.0,3.0,66.2629058574847
0.7981435084595838,1.0,1.0,0.0,1.0,0.8666018185662268,1.0,0.9561003094653802,1.0,0.7541092607456252,3.0,11.0,85.67109235146019
0.6842658335951712,0.8571428571428571,1.0,1.0,1.0,0.7515763965531558,0.5663646425631121,1.0,0.8213246649693835,1.3620185109736243,6.0,10.0,80.40514669749324
0.5501872410644507,0.3333333333333333,1.0,1.0,1.0,0.5702402364017548,0.27863645140753157,0.0,0.3407549605389466,0.5073005523190597,3.0,3.0,58.76158306339022
0.47022334689346434,0.375,1.0,1.0,1.0,0.4491431464906701,0.32364241283374423,0.4869119048190109,0.42478860285213177,0.29802235882327777,3.0,4.0,59.75318732370984
0.6041998265513407,0.8,0.8127075303941144,0.0,0.0,0.6471903994104102,0.9016591347557714,0.7062422354566287,1.0,0.9364623480294281,8.0,8.0,63.49134553642993
0.6219792130552781,0.5,1.0,1.0,1.0,0.7446800625258803,0.8883730044901532,0.6534745226622698,0.6955585927092042,2.380860429368467,3.0,12.0,68.33910421181989
0.3923217213245722,0.2,1.0,0.0,0.0,0.596295594734351,0.3529433438197787,0.0,0.0500514518625409,3.779408073482876,1.0,13.0,38.897455704957764
0.8586692014109366,1.0,0.6866632821798295,1.0,1.0,0.6897501021037513,1.0,0.9553664753698244,0.9882776064620661,0.3133367178201705,7.0,8.0,87.66642492525592
0.6205368169974976,0.75,1.0,1.0,1.0,0.64175050767594,0.9161381911586438,0.6774485235992095,0.6602957214285576,1.90708100994219,3.0,6.0,78.28415112956439
0.20035998889283074,0.09090909090909091,1.0,0.0,1.0,0.41360351080828633,0.3434187190528617,0.0,0.0,1.6643672493204846,1.0,15.0,30.197661045711758
1.0,1.0,1.0,0.0,1.0,1.0,1.0,0.668309137151668,0.9781258984797819,0.8161956226977174,4.0,8.0,92.9450129164186
0.6284505121487718,0.2857142857142857,0.0,1.0,1.0,0.7680664516552087,0.20398365589987982,0.10802378610439436,0.6546651712261049,2.0,2.0,7.0,48.75486635378608
0.8346256239228639,0.8571428571428571,0.09840264888940753,1.0,0.0,0.694376307257423,0.7636640589991865,0.835727705521757,0.5147341783929077,1.803194702221185,6.0,8.0,67.94271050077737
0.4201293844217539,0.3333333333333333,0.6190180488484295,1.0,1.0,0.6253970905078217,0.5037192954192512,0.11681264398634489,0.32852097460131985,0.761963902303141,1.0,3.0,50.6810064908458
0.6925332717920998,0.8571428571428571,0.30439811057122734,0.0,0.0,0.7329620428450011,0.9064807354116529,0.7345266732767372,0.845915228060922,3.4780094471438634,6.0,6.0,58.01724797592323
0.8944507220790043,0.8571428571428571,1.0,1.0,0.0,0.9421185358863549,0.9468065470481101,0.3922674391564715,0.9146899514957211,3.61606145981123,6.0,9.0,86.01645419724315
0.6575403954919103,0.8,1.0,1.0,1.0,0.7904866196699142,0.8052399594206752,0.6684570174935794,0.6074550085212139,1.535406458359427,4.0,14.0,80.42562165334562
0.7240932756383244,1.0,1.0,1.0,0.0,0.6241662889294743,0.9426734309355509,1.0,0.7149778818400092,0.7400779032017564,4.0,12.0,83.10424472852611
1.0,1.0,0.10488209036608565,1.0,1.0,0.9659968747952611,1.0,1.0,0.7242804686410748,3.5804716385356574,3.0,13.0,83.26746745955602
0.7942786782063354,1.0,0.2880645724897999,1.0,1.0,0.9281089961331656,0.8520249995124154,0.9308771738540285,1.0,2.8477417100408005,3.0,10.0,79.46433689292125
0.797925325135947,0.5714285714285714,1.0,1.0,1.0,0.6995049085649792,0.7449791780920494,0.5750321709316873,0.3748913765562,0.7953172236260833,4.0,4.0,80.75867634005876
0.6321929707171998,1.0,1.0,0.0,0.0,0.7049288655459455,1.0,0.7677827129692854,0.9000875616693654,4.740979930967953,3.0,8.0,68.0514764781766
0.8167276404795948,0.9090909090909091,0.8009038694179456,1.0,1.0,0.6062004960757744,0.6748685155282652,1.0,1.0,0.5972883917461633,10.0,15.0,87.58438697930924
0.8485299119059938,0.6,1.0,1.0,0.0,0.8138725623438092,0.5004595406011532,1.0,0.45314886864470877,2.5275960288248758,3.0,3.0,77.41322818245057
0.49107008935906343,0.375,0.9771707406642969,1.0,0.0,0.5397813443492478,0.30571569902902385,0.3612611987553142,0.44347991959018523,0.15980481534992208,3.0,14.0,54.864206301385444
0.4905416831500866,0.4444444444444444,1.0,0.0,1.0,0.4211927987634399,0.5960695848414308,0.9643953283779728,0.6572067797695458,0.9104785185777331,4.0,11.0,58.086791468851715
0.3027269127453325,0.2857142857142857,1.0,1.0,0.0,0.3685548825388031,0.26964796664678653,0.08607416397651041,0.48885832311013433,3.2293676977858636,2.0,6.0,41.93127830671419
0.7298811665322297,0.6,1.0,1.0,0.0,0.6969869148348361,0.634593834810055,0.27476256718483033,0.3336847285912638,0.10809673966691147,6.0,13.0,69.50923119754718
0.7075846300831176,1.0,0.41979018389573364,0.0,1.0,0.7013767888510825,0.787623475742749,0.793882774099294,0.8573295104597003,0.5802098161042664,3.0,13.0,70.0995201030493
0.2886229728732014,0.0,1.0,1.0,1.0,0.33020159309412755,0.4686641090087565,0.0,0.06047279525039703,3.6361411082495287,0.0,3.0,47.6692833767797
0.4518597264248866,0.6,1.0,0.0,1.0,0.34334495922678515,0.6628152113731094,1.0,0.9858034914766585,0.8911156422271906,3.0,4.0,62.93205706615774
0.8618273520116919,0.75,1.0,1.0,1.0,0.937252912027496,0.8898201615134499,0.638144991970689,0.5976978682717609,2.982410181172326,3.0,11.0,87.13273666116714
0.9385862372870819,1.0,0.714751106615313,1.0,0.0,0.8742729209751411,0.95268741205826,0.7608757211831153,0.9012774031777846,0.5704977867693739,5.0,15.0,88.02912988014027
0.5962098300944243,0.6,1.0,1.0,0.0,0.4863720027636537,0.5325270811277868,0.3523390508929639,0.6839148842802009,3.6133484179219515,3.0,3.0,67.57073118512655
0.43927990550734636,0.5555555555555556,1.0,0.0,0.0,0.2413997845606729,0.9498387934471912,0.7563604202050772,0.6794872010252309,1.3472545490692216,5.0,11.0,54.609707505623184
0.6843088459091158,0.4,1.0,0.0,0.0,0.7314351735831092,0.10499011073880682,0.569406384627988,0.5360508008605473,1.6695752524293175,2.0,4.0,54.30380901501326
0.5060881927543424,0.5,1.0,1.0,0.0,0.6197106730662911,0.6001564723175398,0.34319479900220573,0.33072882703303996,1.0632586228583492,5.0,11.0,61.78764996972622
0.6118198635463422,0.8888888888888888,0.9578100072013994,1.0,0.0,0.7228234464343624,0.7208181884894681,0.42621638335191464,0.7824792615020078,0.21094996399300303,8.0,11.0,73.98496864404859
0.27036402032147655,0.36363636363636365,1.0,1.0,0.0,0.5162106602055079,0.34073615584490274,0.06534578380032102,0.40673660359675734,0.7966343790100563,4.0,4.0,46.844927307222086
0.222484184172747,0.0,0.9574097620106338,1.0,0.0,0.40342569043334153,0.0,0.3286736442498994,0.2524622625256563,0.08518047597873246,0.0,11.0,32.914720781070244
0.4890797889327708,0.7272727272727273,1.0,0.0,1.0,0.6252366552443526,0.5997967442572627,0.8288104618736108,0.6795759108490418,2.7190921252895706,8.0,14.0,60.294785592618176
0.537761499617261,0.625,1.0,1.0,0.0,0.5677369687568294,0.6813795113471389,0.5894015026228271,0.6205396199832361,0.39388566586267526,5.0,14.0,64.38110289310545
0.5256926844073622,0.2727272727272727,0.6344975907353668,1.0,1.0,0.45468653433130024,0.0,0.6338705708205055,0.0675415852993908,2.1930144555877993,3.0,3.0,50.6586206677737
0.5049519803229721,0.5,0.0,0.0,0.0,0.6027414340139613,0.4932120732546345,0.8808317800185336,0.8726453663784486,1.0,3.0,6.0,33.74871520358273
0.615410478580918,0.5454545454545454,0.0,0.0,0.0,0.7809421167105713,0.57920234989155,0.4875478330230597,0.5763071348828874,1.0,6.0,6.0,40.18952457343604
0.6506998408561322,0.875,1.0,0.0,0.0,0.699216547827343,0.6803302216469178,0.8211342126830333,1.0,2.035941515107883,7.0,8.0,65.86528272765646
0.47448695463037444,0.3333333333333333,0.2484956886265558,1.0,0.0,0.6740297516270085,0.6557127031942224,0.1552830632686764,0.3393127749468534,1.5030086227468884,1.0,4.0,44.00669258900652
0.7805080986503226,0.5,1.0,1.0,1.0,0.7210069412069346,0.44299749253648335,0.3873872767532703,0.5170534130486825,1.4001715516771336,3.0,14.0,76.74305574673278
0.5081816706367724,0.5,1.0,1.0,1.0,0.5993646680085469,0.5072528363563293,0.12300850532397334,0.19993822182958781,1.0731490349828265,2.0,13.0,64.00867745409529
0.6188588052416318,0.5454545454545454,1.0,1.0,1.0,0.9034632348012474,0.48885509594989895,0.16756954269405222,0.115302171516032,0.6705828101804459,6.0,13.0,68.32720921455874
0.11213673270378738,0.0,1.0,0.0,0.0,0.44878291566291617,0.03531809832249452,0.0,0.25038104236719183,1.676810406764739,0.0,5.0,18.332569252944598
0.6824127346900245,0.4,1.0,1.0,0.0,0.8085188399370967,0.6854659368310889,0.5885541415222779,0.41561164285248403,1.1166070741810525,2.0,3.0,68.07486297703066
0.7427352045266162,1.0,0.4225675643047625,1.0,0.0,0.6885172030329544,1.0,0.6064915109592361,1.0,4.6194594855619,7.0,14.0,74.663751743935
0.8427307046554467,0.8333333333333334,1.0,1.0,0.0,1.0,1.0,1.0,0.5835225828932512,0.15274951830302008,5.0,6.0,83.67536042865723
0.7852183645089315,1.0,1.0,1.0,1.0,0.7934822487346244,1.0,0.7893168639361309,0.8193871644412752,1.6502062681268619,3.0,11.0,90.04255093622167
0.6733895238024967,0.6,1.0,1.0,1.0,0.6257263441407027,0.9589569466658747,0.932216979492158,0.812460400226997,4.080565621509997,6.0,14.0,76.68644872965028
0.43052149126532,0.1,1.0,1.0,0.0,0.15962486145980537,0.19479679381796228,0.0,0.44802875416828736,4.172915233164996,1.0,3.0,45.02955328121696
0.41237382592514066,0.3333333333333333,0.724814138975641,1.0,1.0,0.5080564539461054,0.6659784905834698,0.0,0.20907853057882292,1.9263010271705134,3.0,3.0,51.656964675801525
0.4935287722914222,0.125,1.0,0.0,1.0,0.3233354725588232,0.3176322038302726,0.35743135757440325,0.2592966576726111,0.10054940137445456,1.0,3.0,44.845524462875744
0.3755884829874947,0.3333333333333333,0.6112950620973341,0.0,0.0,0.5013386101033449,0.40925105800941625,0.5917437714126428,0.3713383198696543,2.3322296274159955,2.0,5.0,36.735305075286966
0.6076378206890194,0.42857142857142855,1.0,1.0,1.0,0.44119206046439285,0.5416328147726928,0.17924020851268616,0.4044656405558834,3.8397701502201658,3.0,3.0,67.74598151658385
0.7531753647000163,1.0,1.0,1.0,0.0,1.0,0.7221449465937917,0.8770365013485608,1.0,2.825712416297101,7.0,13.0,86.46232363957688
0.46694695383584717,0.25,1.0,1.0,1.0,0.5388150047713387,0.35258146688030695,0.0007248939565845935,0.1593596707954496,1.5011757737263487,1.0,10.0,58.18513769552008
0.577894173050822,0.6666666666666666,1.0,1.0,0.0,0.9003036336294858,0.4387921129863333,0.5901507938859685,0.9148091940701638,1.1321897225204207,2.0,15.0,71.15597513656526
0.7059971169647914,0.8,1.0,1.0,0.0,0.5949358188550546,0.5574515527100007,0.7737224124369881,0.8762846634084098,3.5612622006989483,4.0,13.0,77.21919596561109
0.6710367557969881,1.0,1.0,0.0,0.0,0.9378680494736017,1.0,0.8726957269946057,0.9966221355270362,3.222650389520278,7.0,15.0,72.5390121286645
0.5797068381626553,0.5,1.0,1.0,0.0,0.3695425871292558,0.34946585286399023,0.04984389301401232,0.7744034346066158,3.116089393312242,2.0,6.0,60.65910978380716
0.471969206861817,0.3333333333333333,1.0,1.0,1.0,0.5206885335980662,0.38205285809872536,0.15553988401352842,0.3913602330179389,1.7133597195645192,1.0,6.0,60.35706914470044
0.7351815735113033,1.0,1.0,0.0,1.0,0.7050369336870523,1.0,1.0,0.9807144940175438,0.10154340097167491,10.0,14.0,78.05645806840106
0.7100633106998311,0.8333333333333334,1.0,1.0,0.0,0.6741070389182144,0.9162822614804177,0.7373754339622318,1.0,2.3342496640351147,5.0,6.0,75.92182565518554
0.5035805371401492,0.375,1.0,1.0,1.0,0.4583816715640077,0.26225814673242176,0.2529630619364247,0.6248524507543783,2.432083810510229,3.0,3.0,64.0157530910816
0.36889429646532934,0.2857142857142857,1.0,1.0,0.0,0.32766506259581013,0.4974771145609015,0.030943445807517456,0.5261069499450608,0.4187250608160804,2.0,11.0,46.604124193750714
0.5067711931346618,0.4444444444444444,1.0,0.0,1.0,0.38799555122362583,0.4783821018805502,0.2602331432209688,0.0,0.09750216233151754,4.0,13.0,53.21005013253221
0.5682226559814983,0.7777777777777778,1.0,1.0,0.0,0.5970534228043424,0.9071714002085869,1.0,0.8658131029254599,3.0666265391164194,7.0,15.0,70.79128225604263
0.7814879646753209,0.4,1.0,1.0,0.0,0.665592991778319,0.23464086948954063,0.09924900350353627,0.44242343861399397,4.128232217539214,2.0,15.0,68.86865206778279
0.6270942392249822,0.4,0.825302109542617,0.0,0.0,0.7218357304463643,0.4179010397767224,0.5085810812707505,0.39302734918290283,0.6987915618295322,4.0,4.0,52.3905043247416
0.5827712926757862,0.5,1.0,1.0,0.0,0.6226891292986303,0.7475130069886216,0.4603521485987754,0.6219559267945357,0.27324664910405083,3.0,13.0,65.73174065620634
0.6406535512972034,0.4,1.0,0.0,1.0,0.7282789222390679,0.6246319737255663,0.4038583458867085,0.4521113745009056,1.501866152909396,4.0,13.0,61.35782912613031
0.22915636946461335,0.3333333333333333,1.0,1.0,0.0,0.20907247495755732,0.23982065040694242,0.12221495151011738,0.4688948167987696,1.7731979954972212,2.0,12.0,43.35113333707606
0.4930784314599193,1.0,0.9592112135862353,1.0,0.0,0.6199289654719147,0.9517995256965278,0.8726089794694583,0.9464076384490014,0.24473271848258804,3.0,13.0,77.84929466763141
0.529862850367789,0.5555555555555556,1.0,1.0,1.0,0.6626477618507649,0.4275919441440682,0.504297115917725,0.8551916815908541,4.567041260688088,5.0,13.0,69.15919002446371
0.634572302767747,1.0,1.0,0.0,0.0,0.7767404269404492,0.9318456747130412,0.8354532677859768,1.0,1.6441905310903424,3.0,8.0,67.74737716838563
0.4382740037328672,0.3333333333333333,1.0,1.0,0.0,0.37721562125402225,0.13150117600615813,0.35624839622137416,0.44183865143630136,1.8627668169411056,3.0,3.0,51.94676860503715
0.32467879687138784,0.0,1.0,1.0,0.0,0.45819372565203276,0.025128342966474683,0.05063658354707563,0.09874104674137274,4.3177681630235085,0.0,8.0,38.15718138138173
0.6604497398008734,0.5,0.975469187377705,0.0,0.0,0.5584496010760953,0.6639649116729119,0.9279954571963827,0.7314562614987128,0.0981232504891798,2.0,5.0,58.11590273877632
0.4134083218869744,0.5,1.0,1.0,1.0,0.41775011748189195,0.40869048451580586,0.5112018064597217,0.7043375573870979,0.6231362471154434,4.0,4.0,58.20778737641295
0.5297738641573904,0.36363636363636365,0.6586711083913486,0.0,0.0,0.5877410610395335,0.3973272327573518,0.0,0.3410819529271061,1.7066444580432574,4.0,4.0,41.78627762342101
0.551726763178268,0.5,1.0,0.0,1.0,0.5740173672703288,0.5103102866263558,0.7058641977845096,0.6980620761646592,0.45529905549284333,3.0,12.0,55.36283274806424
0.5917011171919702,0.5,0.27404831737642493,1.0,0.0,0.5285160225329535,0.7399213716876795,0.4051484588400377,0.5348104480084089,2.1778550478707253,2.0,9.0,48.71262801825575
0.6376273659095679,0.8,1.0,0.0,1.0,0.620108091629653,0.7399134693752042,1.0,1.0,2.295698708386344,4.0,10.0,69.51663470101215
0.6932489440561816,0.45454545454545453,1.0,0.0,1.0,0.4972227724848416,0.40100655516830125,0.7281488340966222,0.6740910167548476,1.6399935001399846,5.0,12.0,60.84674085801296
0.4542456288550995,0.3333333333333333,1.0,1.0,0.0,0.4402540767910643,0.2310495302407083,0.1721745089167887,0.20821146962099463,0.24586138592291995,3.0,10.0,50.20161191279543
0.6795685334871189,0.3333333333333333,1.0,0.0,1.0,0.7211403056610293,0.17858161971920553,0.4421519457849919,0.7994754712233865,0.5991525843643046,1.0,11.0,51.46153098381816
0.5384866948914665,0.6666666666666666,1.0,0.0,1.0,0.6383317349264063,0.8119199651271212,0.4859965341621313,0.24625869946870071,2.3229328303779813,4.0,4.0,59.18122220414531
0.8891392807946664,1.0,0.7056815652440408,0.0,1.0,0.9651439660508814,1.0,0.9505919818112326,1.0,1.4715921737797961,5.0,14.0,80.65528692553556
0.29283978233273655,0.0,1.0,0.0,0.0,0.3937061265706956,0.05986577476819434,0.09871665915786987,0.0,1.2083357349050465,0.0,8.0,26.040762264431855
0.4106709099999883,0.3,1.0,1.0,0.0,0.3863323646633764,0.5794354081151714,0.4948600453302322,0.6764360587346039,2.199019612917489,3.0,5.0,53.93615304654195
0.5008778408561055,0.25,0.6050645493122166,1.0,1.0,0.2899980754111383,0.5397745306670169,0.39694528235497284,0.30056121305905736,2.7645481548144835,2.0,13.0,56.38723409739672
0.7640991824972493,1.0,1.0,1.0,0.0,0.6826221083593068,0.7536778245897354,0.9664977190208222,0.8412409069825757,2.169876011404039,4.0,12.0,84.94706627437662
0.10556415954112064,0.25,0.0,0.0,0.0,0.22945557446180193,0.41661024115720213,0.7463532580178676,0.19670105755608333,2.0,2.0,3.0,15.990868064800575
0.3491224918857498,0.8333333333333334,1.0,0.0,0.0,0.47560851024692163,0.9239497799613474,0.7030288438973737,0.6905470416002151,0.5648110322969346,5.0,5.0,55.95974923609285
0.6193573259007525,0.3333333333333333,0.49107259726984914,0.0,0.0,0.6797665212118384,0.30024695348706476,0.0,0.2721779376193175,1.5267822081904525,1.0,3.0,38.814917770285035
0.7333453006598492,0.5714285714285714,1.0,1.0,1.0,0.7893331441760393,0.680411635093601,0.21019472648251997,0.5056990482506705,3.6624931585800304,4.0,6.0,76.68465329175469
0.6514809135507136,0.25,0.8107197364619131,1.0,1.0,0.8210919679310185,0.0,0.5242817006269154,0.09976882625978908,1.5142421083046953,1.0,4.0,61.98273005008851
0.39789661020613876,0.2,0.37490505401730867,0.0,1.0,0.3374069340496762,0.5132756216997518,0.13313635763370302,0.2540127623165248,2.5003797839307653,1.0,12.0,33.141331968441136
0.44488382376025304,0.6,1.0,1.0,0.0,0.7418915174198437,0.7426899374729433,0.5849926495719002,0.6782448326813464,1.0667042831926317,6.0,9.0,60.03901695179265
0.47187216110410196,0.4444444444444444,0.9908646799861182,0.0,0.0,0.7144056482876526,0.3387088503745658,0.2750891908610903,0.24518316618925096,0.02740596004164564,4.0,15.0,46.69673660811223
0.8013709418433576,1.0,0.4476973856680335,0.0,1.0,0.7827452728648472,0.9446261600724857,0.8504054545541782,0.6683462473912004,2.209210457327866,4.0,12.0,69.41808037398683
0.5791554130857869,0.8,1.0,1.0,1.0,0.7174465835214323,0.5434336344014608,0.5768389105911551,0.8621912904299144,1.851630398309699,8.0,10.0,73.16227484193949
0.622828966756864,0.25,1.0,1.0,0.0,0.6916610249375341,0.24348769502947426,0.30365317893261956,0.35638411022390676,0.0,2.0,9.0,56.42081220750074
0.7187403455572483,0.3,0.7879196758056249,0.0,1.0,0.5913622007812904,0.2631082440966951,0.22857641814183785,0.44604335239224674,1.2724819451662501,3.0,3.0,55.36279456532921
0.524060350754288,0.3333333333333333,0.883187819719477,1.0,0.0,0.5027934779070059,0.14481346365105668,0.37903451645008157,0.4435682096521589,0.35043654084156906,3.0,3.0,54.06303032265152
0.7986963503962166,1.0,1.0,0.0,1.0,0.7341328671442032,1.0,1.0,1.0,2.4044447843102805,6.0,11.0,84.01259577495296
0.35888967686878237,0.42857142857142855,1.0,1.0,1.0,0.1854385894942457,0.7083949227164341,0.28487810717219136,0.6279850059576813,3.3909367340263037,3.0,3.0,56.73585448446714
0.628429210395869,0.2857142857142857,1.0,1.0,0.0,0.56267831008533,0.3307893975062797,0.0,0.821679924997401,3.0055644946551467,2.0,3.0,57.19781502511165
0.5869345950796633,0.5555555555555556,1.0,1.0,0.0,0.5178251373803262,0.5505391166432093,0.1654796444356969,1.0,0.4934524190755347,5.0,5.0,65.8854533683201
0.46530027219072656,0.4,0.0,0.0,1.0,0.3803432876518077,0.5282972283837228,1.0,0.04837948247105728,3.0,2.0,14.0,35.75292218627572
0.6577408906409445,0.6,1.0,0.0,0.0,0.6966463988057429,0.6464649867508923,0.8751981577731281,0.16057227375283084,1.5817060424371174,3.0,8.0,58.28169174922844
0.4297146165212977,0.4,1.0,0.0,0.0,0.31921410853605214,0.2552077410783865,0.6448401647160671,0.3985217404306571,3.7411474784492267,2.0,12.0,40.482657662749865
0.7176250207746182,0.8,1.0,1.0,0.0,0.8196608463022523,0.732517962414293,0.601586502462883,0.9008464859760644,3.267580815627136,4.0,8.0,77.55573512522415
0.6269039778985208,1.0,1.0,0.0,1.0,0.7901387078855968,0.9966415187853545,0.9520921414278865,0.9848229981988555,1.7258980194874396,4.0,5.0,77.9678700741813
0.9304504627102921,1.0,0.6841988942646189,1.0,1.0,0.8206795228159612,1.0,0.7706201856757025,1.0,1.5790055286769054,3.0,7.0,89.73428464680732
0.46928885688190103,0.36363636363636365,0.9686732490928962,1.0,0.0,0.4944918461646113,0.41531697285412794,0.02497830269986767,0.3095879485566886,0.25061400725683036,4.0,4.0,55.3884831773206
0.9390561032760815,1.0,1.0,0.0,1.0,0.7297487151757276,1.0,0.8204698255173458,0.8612098473171753,4.66762879749135,3.0,13.0,86.62727614024976
0.5258636586590058,0.5,0.5933081861343465,1.0,1.0,0.6516792788003977,0.2755309630088941,0.7417606919545073,0.3914218280297911,2.0334590693282673,5.0,5.0,55.78912040852295
0.45032270161258925,0.3333333333333333,0.5014391812330762,0.0,0.0,0.5084622579851503,0.5030725272686205,0.4682973140566067,0.29329965952049253,1.4956824563007716,1.0,7.0,34.91856263596404
0.3767441308271873,0.4444444444444444,1.0,1.0,0.0,0.5120679645340906,0.4950593035659766,0.18103388408759968,0.6131469132564743,2.6851031023305687,4.0,15.0,51.29041145297446
0.4911708367621772,0.2,0.9910973586269921,1.0,0.0,0.5312537221037554,0.7094876297470276,0.08074046896535543,0.10265186066683396,0.06231848961105513,1.0,10.0,51.8752015565756
0.40918491980294325,0.42857142857142855,0.6872979511181512,1.0,1.0,0.41418622138717476,0.4087972419396742,0.5433785263974764,0.37077768798808747,1.563510244409244,3.0,8.0,55.503000372078944
0.6416293152160926,0.8,1.0,0.0,1.0,0.5064461988567296,0.908222529119687,0.6243862930587858,0.9140433688088707,3.8559423574460325,4.0,10.0,73.6053765455191
0.8001256623299045,1.0,1.0,1.0,0.0,0.9249347530379727,1.0,0.9675089738632007,0.9602407204909621,1.7221119562902798,7.0,13.0,83.96574326593074
0.45740404489986564,0.2857142857142857,1.0,0.0,0.0,0.5599066012669999,0.3706507790248579,0.3241207240685443,0.5090563958433636,0.03639767124564397,2.0,6.0,41.88462157545701
0.4524112243167261,0.7142857142857143,0.5028167760669897,1.0,1.0,0.5179134231214432,0.7521122172160313,0.7502904356914231,0.5303844678387021,1.4915496717990309,5.0,11.0,60.20465452239859
0.5223032961414381,0.5,1.0,0.0,0.0,0.609129707159252,0.37235405894488277,0.5059119940918629,0.27272724870690257,4.894813127719875,3.0,14.0,47.281133697092734
0.8954276262372456,1.0,1.0,1.0,1.0,1.0,1.0,0.8061866217678477,1.0,0.751096362506785,7.0,10.0,95.42656028801251
0.40459943585713165,0.3,1.0,1.0,0.0,0.5937138425057821,0.14136171448821738,0.1287855907458606,0.3808576924529593,3.5946561249389894,3.0,8.0,49.04181814624355
0.4396988561610681,0.3333333333333333,1.0,0.0,0.0,0.4134507582339745,0.4602150983659953,0.03393036599879573,0.16034143451665073,2.58726708921888,2.0,4.0,38.35056567780332
0.31948872610112716,0.0,0.939549219168383,0.0,1.0,0.16511860129339706,0.0,0.0,0.26871908026548513,0.24180312332646814,0.0,6.0,32.44652654799274
0.6598847480943602,0.75,0.9548235540040876,1.0,0.0,0.5263823198908517,0.765919472735956,0.6747552768281496,1.0,0.22588222997956198,3.0,15.0,71.16081444217768
0.3430048063801541,0.3333333333333333,1.0,1.0,1.0,0.4002783746497894,0.12702552498352285,0.46291044854251545,0.20776249076519018,3.6926297958678393,2.0,10.0,52.84989831221833
0.7956384651599715,1.0,1.0,1.0,1.0,0.9835153653164462,1.0,0.6463378732861317,1.0,3.7250346652399555,4.0,6.0,93.30354521266946
0.4192887804007075,0.0,0.0,0.0,0.0,0.30126650172335423,0.0,0.010054113707336573,0.0,2.0,0.0,8.0,17.72784947930219
0.26476797723704004,0.18181818181818182,1.0,0.0,0.0,0.2930407928500908,0.0131020432174358,0.3044370487625287,0.39704063516178684,1.8995605219643847,2.0,10.0,31.355019547357756
0.4217288399283685,0.3333333333333333,1.0,0.0,1.0,0.39908197952690094,0.6088176408005498,0.0,0.16178077910764982,0.5575703905527609,1.0,9.0,45.84593851121269
0.41991852684207637,0.5714285714285714,0.8416692092653735,0.0,1.0,0.46801278438143723,0.5306839450818568,0.46190072939860327,0.7666431078229994,1.2666463258770122,4.0,12.0,51.556494072175724
0.6129658340588414,0.4,1.0,0.0,0.0,0.5744874040360834,0.5102293125115298,0.7121662441008422,0.2077448028086669,1.3234921894343952,4.0,6.0,53.748276707326134
0.3798261060885454,0.18181818181818182,0.5252016045068029,1.0,1.0,0.2627702722481802,0.3832731306023677,0.2532452057248039,0.16812067489282279,1.8991935819727885,2.0,11.0,45.6481072530962
0.6979760439672964,1.0,0.9335446453539,1.0,1.0,0.8942124145445175,1.0,0.5384994272062966,0.8379768806916321,0.13291070929219995,4.0,8.0,85.01522595437542
0.5610718720171813,0.5,0.8007631336150163,0.0,0.0,0.560103813046574,0.15460560091017367,0.5948346817305543,0.4572238604435838,0.7969474655399349,2.0,15.0,48.36105430342003
0.15556797421254567,0.0,0.9750521839610004,0.0,0.0,0.5675017373626858,0.17516420617600167,0.0,0.36598480578608894,0.1995825283119972,0.0,5.0,19.82316873028486
0.3188376790818941,0.2857142857142857,1.0,1.0,1.0,0.27407700718942196,0.3176038084345626,0.38780181033469274,0.26412672639560447,0.6570430126760183,2.0,4.0,50.2787972539741
0.2611476127814227,0.2727272727272727,1.0,0.0,0.0,0.5764821845524474,0.2635021073026728,0.07090928407510244,0.69478759751244,0.0,3.0,9.0,35.23538305465789
0.5469864914931121,0.75,1.0,0.0,1.0,0.8006053689302789,0.78036650918446,0.6883328622293677,0.6728374877814327,3.946358057746595,3.0,9.0,65.87603167064617
0.8378805100799768,0.75,1.0,1.0,0.0,0.7151441484745116,0.5101940970906054,0.5817405909161512,1.0,1.7865664667882513,3.0,11.0,79.9986098430793
0.7120258002460885,1.0,1.0,1.0,1.0,0.7230043364893157,1.0,0.9506946990024713,0.6748614786974394,4.389126056764109,5.0,8.0,90.64077053297615
0.7559470147181774,0.8,1.0,0.0,0.0,0.6296204186875923,0.6044095527323242,0.6251983617395774,0.7426981889243618,0.4798400618439609,8.0,14.0,68.63695864837891
0.6996438296052895,1.0,0.9256050188514455,1.0,1.0,0.6556611522936336,0.9985488522798064,0.9008215868580148,0.8927780029349285,0.2975799245942179,3.0,9.0,85.88433845910006
0.557810716158253,0.3333333333333333,1.0,1.0,0.0,0.5342754416315642,0.41146093101021125,0.024700231504984238,0.6408744534927617,4.316831228986056,2.0,4.0,54.9527440634672
0.3018701598882421,0.25,0.9109701300630075,0.0,1.0,0.4008250900592723,0.49332667583777057,0.30794511099107813,0.2870497572072148,0.35611947974796987,1.0,4.0,42.58139307310914
0.6797073513314108,0.75,1.0,0.0,1.0,0.501085676066195,0.6524696312252514,0.7385627459016635,0.3323833660705009,0.44341595602175055,3.0,15.0,69.87173209353784
0.48816033900245565,0.36363636363636365,1.0,0.0,1.0,0.7858018822592996,0.6749220905686416,0.0,0.10161043269165115,2.2400948209946296,4.0,4.0,53.97359499691305
0.9126699737045243,0.6666666666666666,0.7606497690579205,0.0,1.0,0.7462261319741351,0.8871002522993932,0.8351083319110906,0.4641342167907865,1.6754516165945565,2.0,15.0,78.45266841920274
0.3756510345576198,0.0,1.0,0.0,1.0,0.3769164388169915,0.0,0.0,0.18681005882243376,2.2225893695873005,0.0,6.0,32.82578088638414
0.410669700098669,0.36363636363636365,1.0,1.0,0.0,0.400561963943879,0.21406149568389515,0.34922409080826383,0.5246378603676188,1.9666941323292058,4.0,4.0,49.29810325999917
0.44470587563806163,0.125,1.0,1.0,1.0,0.39932649934610764,0.0,0.2432035678464209,0.06492011340777604,3.3386506360756654,1.0,6.0,45.42128613073915
0.8899142697915583,0.6666666666666666,1.0,0.0,0.0,0.7241827147235628,0.7655823599426317,0.688879959985863,0.556964707943152,2.580089006020282,2.0,10.0,72.77510949461222
0.3187293834275988,0.42857142857142855,1.0,0.0,0.0,0.45021942858624536,0.34586028165408206,0.6349161234328264,0.5718490767414391,3.399956705755142,3.0,8.0,42.41131721555949
0.517083973073571,0.6363636363636364,1.0,1.0,0.0,0.5900279077226424,0.9022478613143452,0.521838621478446,0.41045901787724426,0.5791561989831795,7.0,13.0,65.50386285722882
0.6049056262397381,0.6666666666666666,0.8843324203232349,1.0,0.0,0.7354581602994773,0.594352377297578,0.8442411316366153,0.7582004622567372,0.9253406374141209,4.0,10.0,65.36316443159579
0.6785208413143944,0.8571428571428571,1.0,1.0,1.0,0.7468864853290449,0.7450220807335021,0.8341862730604677,0.9316464565169037,5.019970828166724,6.0,8.0,82.1965855530661
0.6172120533432722,0.7142857142857143,0.624434794826011,1.0,0.0,0.7408308150238415,0.8063384575096908,0.7759650676771864,0.6593677956723614,2.253391231043934,5.0,11.0,66.38845241377548
0.26849212812881085,0.25,0.0,0.0,0.0,0.38214415904131277,0.17651156571130383,0.2887984180155389,0.3295355930091431,1.0,2.0,15.0,19.7131607275322
0.8434747264260015,0.75,1.0,1.0,0.0,0.7948139335044077,0.8015389988063846,0.9729606715680956,0.7704188706149369,1.9302560810176628,3.0,8.0,82.75237763593671
0.3292869681828057,0.4,1.0,1.0,0.0,0.41922245376026995,0.6274780794105339,0.5087107221830446,0.49948389895130807,4.049972096354701,4.0,4.0,53.16157167879899
0.41233809920893644,0.2727272727272727,1.0,0.0,0.0,0.5741073709463574,0.34382855242764304,0.12527926705910652,0.005906811031253956,1.1791016918283308,3.0,8.0,38.80660186845286
0.8004996710112837,0.75,1.0,1.0,1.0,0.7864395434969886,0.8217736029264904,0.5589212503200335,0.8729003961057403,2.7986073994044123,3.0,13.0,86.9143831861059
0.5463778171424978,0.5,0.0,1.0,0.0,0.5519010351725759,0.5869264076035152,0.43905408752913677,0.7053202659004545,2.0,5.0,5.0,48.7810076729927
0.6324726999716677,0.9,0.9601820151275451,1.0,0.0,0.687063498841092,0.6452421817486292,0.6827776829625656,0.964190284112889,0.19908992436227457,9.0,15.0,72.53069661023484
0.36038114345734723,0.4444444444444444,0.4104208771426963,1.0,1.0,0.4601739047172777,0.5649752394319326,0.16296216015264803,0.5646876146427444,2.9478956142865185,4.0,10.0,51.6820264265388
0.7724000964766662,1.0,1.0,1.0,1.0,0.8012333142557435,1.0,0.48182845675443087,0.9780161365180475,2.3608219164573203,6.0,10.0,91.74866454779631
0.20915645209794403,0.0,1.0,1.0,0.0,0.2873570712978044,0.21072151885701576,0.0,0.17826651325260867,0.0,0.0,7.0,35.70734817881395
0.7746277310043573,0.9,0.12218115396735285,1.0,1.0,0.7065214803265977,1.0,1.0,0.9130494255959709,1.7556376920652943,9.0,14.0,76.20536081085146
0.5068258622730986,0.75,1.0,1.0,0.0,0.7073597046550857,0.7636492463110075,0.5555699450814491,0.5204117435090779,1.828050409922806,3.0,3.0,70.11603718249815
0.6975642884265146,0.6,1.0,1.0,0.0,0.7632730488977121,0.8358307204719242,0.9687612659606519,0.764043230976652,2.9236487040354593,6.0,6.0,70.24946966671132
0.4047750336888266,0.18181818181818182,1.0,1.0,0.0,0.6416661311626071,0.1791446562478921,0.22051219407240938,0.0,0.48206378354156687,2.0,8.0,48.86707389549269
0.6561137006556306,0.6666666666666666,1.0,0.0,0.0,0.589482266684329,0.7611549454006535,0.6057199019067235,0.7232226155243433,1.9403450082170197,6.0,9.0,60.694847626181975
0.472929213388802,0.0,1.0,1.0,0.0,0.4927907930432136,0.0,0.0,0.0,1.8755763337461842,0.0,9.0,46.10752342837285
0.4974645401953761,0.5,1.0,1.0,1.0,0.31976256513399737,0.633116404886178,0.45102715702673074,0.4103748500590576,0.36914628111505543,4.0,4.0,65.47874649778234
0.21290199663201312,0.0,0.7221178068455005,0.0,0.0,0.3952910662870324,0.0,0.3662804287330105,0.034397749985241054,1.3894109657724973,0.0,5.0,18.02963170731607
0.416086546416557,0.36363636363636365,1.0,1.0,0.0,0.3033581829956794,0.7101956532458458,0.6563164473200462,0.2217787254727648,1.9297828137692852,4.0,4.0,53.88663456845307
0.6935634783238758,0.8333333333333334,1.0,1.0,1.0,0.6023171661504033,1.0,0.8436658369268007,0.9357745361588998,2.0261913815501664,5.0,10.0,85.85521052905183
0.2890842126250406,0.0,1.0,0.0,1.0,0.3699549351631665,0.2073088857534809,0.0,0.011359326524400411,2.5880488061805176,0.0,7.0,32.20221582417808
0.6003162716077872,0.8,1.0,1.0,0.0,0.5955624379728268,1.0,0.5394236240451865,0.6765412097175605,1.4241328481577948,8.0,10.0,71.74103332644597
0.369729769636033,0.625,0.4876667243471158,1.0,1.0,0.4316259751358656,0.3979413934453715,0.38742979445365877,0.8926359140092637,1.5369998269586527,5.0,10.0,53.28511571366438
0.5451885198945154,0.625,1.0,0.0,1.0,0.5434069112527304,0.41915200621050097,0.8561940840197941,0.6659565220598996,2.18068032273836,5.0,12.0,61.5882909674799
0.5098457466210935,0.3333333333333333,1.0,0.0,1.0,0.6003190383430486,0.32545243133971496,0.6423118292772603,0.4594935200182295,0.7972378395433175,1.0,10.0,55.03495127635714
0.3719065523059746,0.1111111111111111,0.9586312778383285,1.0,0.0,0.2831888787453371,0.16853268485770906,0.10420753480397991,0.39442885700999547,0.16547488864668614,1.0,11.0,39.14033048348405
0.7564465363790993,0.625,1.0,1.0,0.0,0.6901523576638904,0.6393226647420601,0.5083223041849062,0.9050357071588745,0.2107283256125756,5.0,10.0,79.89088200043331
0.5346583852756546,0.0,0.7097428216096203,1.0,0.0,0.39515751922932424,0.0,0.2907163092654164,0.11595709077123761,0.5805143567807594,0.0,11.0,43.544033302461486
0.7911200525750162,0.8,1.0,0.0,1.0,0.8543909162182389,1.0,0.53471382100971,0.7394683597980392,2.577687557708858,8.0,11.0,76.88832855622353
0.8409024770889871,0.75,0.32125684427998635,1.0,0.0,0.8676567251799854,1.0,0.7114011320720806,0.4640592424925577,2.036229467160041,3.0,7.0,70.64475013466583
0.6420129150715744,0.5,0.6043427101290545,1.0,0.0,0.393671996089875,0.780577782251072,0.5518525199001487,0.5413381400959492,1.1869718696128366,2.0,6.0,61.379749756232854
0.6870060925294679,0.36363636363636365,1.0,1.0,0.0,0.7254749627990693,0.6090305520179286,0.12382023005755577,0.5825532267998408,0.142454230656611,4.0,13.0,64.71971690203019
0.6649595789720949,0.2857142857142857,1.0,0.0,1.0,0.4973696731909567,0.37641581464049423,0.09581315700819806,0.35657724959294274,4.027501696478,2.0,7.0,53.0971499319084
0.4974731538268045,0.16666666666666666,1.0,1.0,0.0,0.4938846497203296,0.064927139935782,0.0,0.0,2.9085610981856975,1.0,10.0,46.945532309569366
0.5847656175709502,0.4,0.5036636787011097,1.0,0.0,0.450475479060932,0.4630550494744742,0.6616799083173789,0.5740124309652934,2.481681606494451,2.0,5.0,56.76305479939225
0.5253721393675159,0.5,1.0,1.0,0.0,0.6059536150405561,0.9290058466314706,0.8711608009525593,0.6862998309551483,3.5026941775049725,4.0,8.0,61.54130318190753
0.40615063739544194,0.2222222222222222,1.0,0.0,1.0,0.7444852168180367,0.20886436197095212,0.1974765788742656,0.16197778347695949,3.498840433967368,2.0,9.0,43.53325526032068
0.4261261869046352,0.3333333333333333,0.741997224659119,1.0,0.0,0.49034998479462316,0.3014410287250238,0.22432524418392008,0.5310056683840378,1.5480166520452858,1.0,11.0,47.34283090694545
0.7316930504502638,0.7142857142857143,0.0,0.0,0.0,0.6526515751564845,0.9636003729244188,0.5323206777871892,0.8398787971643896,2.0,5.0,9.0,49.726743497086126
0.5317400536986964,0.6363636363636364,1.0,1.0,0.0,0.5705145850942576,0.8976271254978436,0.5867478253227087,0.49926227790723043,0.6555567553055153,7.0,7.0,70.1876422384312
0.5770672548264107,0.6,1.0,1.0,1.0,0.4333966698033225,0.49737767496053537,0.4289512146839063,0.8542602232435369,3.044848818599644,3.0,15.0,68.65594753587503
0.517379613778604,1.0,1.0,1.0,1.0,0.8566964205401068,1.0,0.9286533466818514,0.7465046153787772,3.982523939600404,5.0,9.0,77.71394982247834
